Title,Metascore,Rated,Runtime,Released,Year,Genre,Box Office,imdb_rating,imdb_votes
Paranormal Activity: The Marked Ones,42,R,84 min,03 Jan 2014,2014,"Horror, Mystery, Thriller","$28,605,090",5.0,"37,490"
Open Grave,33,R,102 min,03 Jan 2014,2013,"Horror, Mystery, Thriller",N/A,6.2,"25,764"
Cold Comes the Night,37,R,90 min,10 Jan 2014,2013,"Crime, Drama, Thriller",N/A,5.7,"8,323"
Dumbbells,24,N/A,92 min,10 Jan 2014,2014,Comedy,N/A,3.5,645
The Legend of Hercules,22,PG-13,99 min,10 Jan 2014,2014,"Action, Adventure, Fantasy","$14,739,982",4.2,"50,747"
Raze,41,R,92 min,16 Jan 2014,2013,"Action, Drama, Horror","$3,453",5.2,"5,407"
Back in the Day,7,R,94 min,17 Jan 2014,2014,Comedy,N/A,5.0,"1,556"
Devil's Due,34,R,89 min,17 Jan 2014,2014,"Horror, Mystery, Thriller",N/A,4.1,"15,569"
Jack Ryan: Shadow Recruit,57,PG-13,105 min,17 Jan 2014,2014,"Action, Drama, Thriller","$43,003,831",6.2,"116,036"
Jamesy Boy,29,Not Rated,109 min,03 Jan 2014,2014,"Biography, Crime, Drama, Romance",N/A,6.3,"5,123"
The Nut Job,37,PG,85 min,17 Jan 2014,2014,"Animation, Adventure, Comedy, Crime, Family",N/A,5.7,"24,891"
Ride Along,41,PG-13,99 min,17 Jan 2014,2014,"Action, Comedy, Crime","$110,374,905",6.2,"95,634"
The Black Water Vampire,N/A,Unrated,82 min,21 Jan 2014,2014,"Horror, Mystery, Thriller",N/A,4.2,777
"I, Frankenstein",30,PG-13,92 min,24 Jan 2014,2014,"Action, Fantasy, Horror, Sci-Fi, Thriller","$15,687,400",5.1,"75,392"
Labor Day,52,PG-13,111 min,31 Jan 2014,2013,"Drama, Romance","$13,362,308",6.9,"39,579"
That Awkward Moment,36,R,94 min,31 Jan 2014,2014,"Comedy, Romance","$23,264,422",6.1,"93,065"
Somewhere Slow,48,NOT RATED,96 min,02 Mar 2013,2013,"Comedy, Drama, Romance",N/A,5.4,224
Android Cop,N/A,Not Rated,89 min,29 Oct 2015,2014,"Action, Adventure, Crime, Fantasy, Sci-Fi, Thriller",N/A,3.1,"1,524"
The Monuments Men,52,PG-13,118 min,07 Feb 2014,2014,"Comedy, Drama, History, War","$67,239,378",6.1,"118,607"
The Outsider,30,TV-MA,120 min,09 Mar 2018,2018,"Crime, Drama, Thriller",N/A,6.3,"16,571"
Scorned,N/A,R,86 min,01 Nov 2013,2013,"Comedy, Crime, Horror, Thriller",N/A,4.7,"1,910"
After the Dark,37,R,107 min,10 Oct 2013,2013,"Drama, Fantasy, Sci-Fi",N/A,5.7,"20,190"
Nurse 3D,29,R,84 min,24 Oct 2013,2013,"Horror, Thriller",N/A,4.6,"8,819"
The Pretty One,53,R,90 min,20 Apr 2013,2013,"Comedy, Drama","$11,186",6.3,"8,866"
Vampire Academy,31,PG-13,104 min,07 Feb 2014,2014,"Action, Comedy, Drama, Fantasy, Horror, Mystery, Thriller","$7,508,090",5.5,"49,720"
About Last Night,62,R,100 min,14 Feb 2014,2014,"Comedy, Romance","$39,477,140",6.1,"21,335"
Adult World,61,R,97 min,14 Feb 2014,2013,"Comedy, Drama","$16,740",6.1,"16,068"
Camp Takota,N/A,Not Rated,95 min,14 Feb 2014,2014,Comedy,N/A,6.8,"4,406"
Date and Switch,56,R,91 min,14 Feb 2014,2014,"Comedy, Drama, Romance",N/A,5.7,"7,373"
Endless Love,30,PG-13,104 min,14 Feb 2014,2014,"Drama, Romance",N/A,6.3,"38,294"
RoboCop,67,R,102 min,17 Jul 1987,1987,"Action, Crime, Sci-Fi, Thriller",N/A,7.5,"216,767"
Someone Marry Barry,52,Not Rated,87 min,09 Sep 2014,2014,Comedy,N/A,5.8,"7,009"
Apocalypse Pompeii,N/A,Not Rated,87 min,08 Jan 2016,2014,"Action, Adventure, Drama, Thriller",N/A,2.4,"1,858"
3 Days to Kill,40,PG-13,117 min,21 Feb 2014,2014,"Action, Drama, Thriller",N/A,6.2,"82,407"
Angels in Stardust,34,PG-13,101 min,02 Aug 2019,2014,"Comedy, Drama",N/A,5.1,507
Barefoot,22,PG-13,90 min,04 Sep 2014,2014,"Comedy, Drama, Romance","$11,766",6.6,"21,650"
Holy Ghost People,N/A,R,88 min,10 Mar 2013,2013,"Drama, Thriller",N/A,5.2,975
The Bag Man,28,R,108 min,20 Mar 2014,2014,"Crime, Drama, Thriller","$48,817",5.2,"15,600"
Non-Stop,56,PG-13,106 min,28 Feb 2014,2014,"Action, Mystery, Thriller","$80,432,029",7.0,"236,677"
Repentance,N/A,PG,153 min,01 Mar 1987,1984,"Comedy, Drama",N/A,8.4,"3,306"
Son of God,37,PG-13,138 min,28 Feb 2014,2014,"Biography, Drama, History","$46,305,287",5.7,"17,671"
300: Rise of an Empire,48,R,102 min,07 Mar 2014,2014,"Action, Fantasy","$91,024,535",6.2,"266,414"
Mr. Peabody & Sherman,59,PG,92 min,07 Mar 2014,2014,"Animation, Adventure, Comedy, Family, Sci-Fi","$101,784,999",6.8,"58,022"
Better Living Through Chemistry,40,Not Rated,91 min,14 Mar 2014,2014,"Comedy, Drama","$51,772",6.3,"13,502"
Need for Speed,39,PG-13,132 min,14 Mar 2014,2014,"Action, Crime, Thriller","$40,138,026",6.5,"155,927"
The Single Moms Club,31,PG-13,111 min,14 Mar 2014,2014,"Comedy, Drama","$15,986,272",5.3,"5,438"
Divergent,48,PG-13,139 min,21 Mar 2014,2014,"Action, Adventure, Mystery, Sci-Fi","$129,520,735",6.7,"403,588"
God's Not Dead,16,PG,113 min,21 Mar 2014,2014,Drama,"$60,753,735",4.7,"38,391"
Muppets Most Wanted,61,PG,107 min,21 Mar 2014,2014,"Adventure, Comedy, Crime, Family, Musical, Mystery","$46,429,909",6.4,"29,380"
50 to 1,37,PG-13,110 min,21 Mar 2014,2014,Drama,"$1,063,723",6.4,"1,780"
Noah,68,PG-13,138 min,28 Mar 2014,2014,"Action, Adventure, Drama, Romance, Thriller","$101,160,529",5.8,"231,461"
Sabotage,41,R,109 min,28 Mar 2014,2014,"Action, Crime, Drama, Thriller","$8,125,131",5.7,"56,087"
Title,N/A,N/A,N/A,N/A,1978,Short,N/A,3.3,13
The Ladies of the House,N/A,TV-MA,93 min,01 May 2015,2014,"Horror, Thriller",N/A,5.3,148
Alien Abduction,46,Not Rated,85 min,01 May 2014,2014,"Horror, Sci-Fi, Thriller","$10,514",4.9,"7,498"
Captain America: The Winter Soldier,70,PG-13,136 min,04 Apr 2014,2014,"Action, Adventure, Sci-Fi","$228,636,083",7.8,"681,345"
In the Blood,40,R,108 min,18 Apr 2014,2014,"Action, Crime, Thriller",N/A,5.7,"10,606"
Draft Day,54,PG-13,110 min,11 Apr 2014,2014,"Drama, Sport","$21,105,891",6.8,"49,510"
Oculus,61,R,104 min,11 Apr 2014,2013,"Horror, Mystery",N/A,6.5,"107,800"
Rio 2,49,G,101 min,11 Apr 2014,2014,"Animation, Adventure, Comedy, Family, Musical","$113,691,800",6.3,"73,269"
Asian School Girls,N/A,Not Rated,91 min,15 Apr 2014,2014,"Action, Crime, Thriller",N/A,3.4,563
Heaven Is for Real,47,PG,99 min,16 Apr 2014,2014,"Biography, Drama, Family",N/A,5.8,"24,415"
Authors Anonymous,16,PG-13,92 min,18 Mar 2014,2014,Comedy,N/A,4.3,"1,922"
A Haunted House 2,17,R,86 min,18 Apr 2014,2014,"Comedy, Fantasy","$13,710,572",4.7,"18,352"
Kid Cannabis,54,Not Rated,110 min,18 Apr 2014,2014,"Biography, Comedy, Crime, Drama",N/A,6.4,"9,019"
Transcendence,42,PG-13,119 min,18 Apr 2014,2014,"Action, Drama, Sci-Fi, Thriller","$23,014,504",6.3,"206,139"
13 Sins,44,R,93 min,11 Apr 2014,2014,"Horror, Thriller",N/A,6.3,"29,965"
Brick Mansions,40,PG-13,90 min,25 Apr 2014,2014,"Action, Crime",N/A,5.7,"37,854"
The Other Woman,39,PG-13,109 min,25 Apr 2014,2014,"Comedy, Romance","$77,860,761",6.0,"123,939"
Walking with the Enemy,44,PG-13,124 min,25 Apr 2014,2013,"Action, Drama, History, Romance, War","$357,000",6.3,"1,507"
The Amazing Spider-Man 2,53,PG-13,142 min,02 May 2014,2014,"Action, Adventure, Sci-Fi","$183,277,573",6.6,"393,231"
Bad Johnson,25,Not Rated,88 min,02 May 2014,2014,"Comedy, Fantasy, Romance",N/A,4.5,"4,628"
Decoding Annie Parker,56,R,91 min,02 May 2014,2013,Drama,"$39,850",6.2,"2,807"
Walk of Shame,25,R,95 min,01 May 2014,2014,Comedy,"$39,751",6.0,"48,540"
Devil's Knot,42,Not Rated,114 min,12 Mar 2014,2013,"Biography, Crime, Drama, Thriller","$122,892",6.1,"18,978"
God's Pocket,51,R,88 min,08 Aug 2014,2014,"Crime, Drama","$97,040",6.1,"10,210"
Moms' Night Out,25,PG,98 min,09 May 2014,2014,Comedy,N/A,5.4,"12,514"
Neighbors,68,R,97 min,09 May 2014,2014,Comedy,"$134,413,041",6.3,"268,401"
Stage Fright,N/A,Approved,110 min,15 Apr 1950,1950,"Film-Noir, Thriller",N/A,7.1,"11,468"
Godzilla,62,PG-13,123 min,16 May 2014,2014,"Action, Adventure, Sci-Fi, Thriller","$172,962,996",6.4,"356,766"
Million Dollar Arm,56,PG,124 min,16 May 2014,2014,"Biography, Drama, Sport",N/A,7.0,"41,363"
The Angriest Man in Brooklyn,21,R,83 min,23 May 2014,2014,"Comedy, Drama",N/A,5.7,"19,813"
Blended,31,PG-13,117 min,23 May 2014,2014,"Comedy, Romance",N/A,6.5,"108,400"
Cold in July,73,R,109 min,31 Dec 2014,2014,"Crime, Thriller",N/A,6.8,"32,431"
X-Men: Days of Future Past,75,PG-13,132 min,23 May 2014,2014,"Action, Adventure, Sci-Fi, Thriller","$199,305,306",8.0,"627,328"
Maleficent,56,PG,97 min,30 May 2014,2014,"Action, Adventure, Family, Fantasy, Romance","$190,871,149",7.0,"309,887"
A Million Ways to Die in the West,44,R,116 min,30 May 2014,2014,"Comedy, Western","$37,331,031",6.1,"162,078"
Edge of Tomorrow,71,PG-13,113 min,06 Jun 2014,2014,"Action, Sci-Fi","$77,121,429",7.9,"554,058"
The Fault in Our Stars,69,PG-13,126 min,06 Jun 2014,2014,"Drama, Romance",N/A,7.7,"319,836"
Ping Pong Summer,52,Not Rated,92 min,06 Jun 2014,2014,"Comedy, Drama, Sport",N/A,5.4,"2,560"
22 Jump Street,71,R,112 min,13 Jun 2014,2014,"Action, Comedy, Crime","$154,295,930",7.0,"323,254"
Hellion,55,R,99 min,13 Jun 2014,2014,"Drama, Thriller","$46,110",6.1,"5,107"
How to Train Your Dragon 2,76,PG,102 min,13 Jun 2014,2014,"Animation, Action, Adventure, Family, Fantasy","$147,065,544",7.8,"282,424"
Lullaby,35,R,117 min,13 Jun 2014,2014,Drama,N/A,6.2,"2,370"
Murder 101,N/A,PG-13,100 min,20 Mar 1991,1991,"Mystery, Thriller",N/A,6.4,"1,114"
Obvious Child,76,R,84 min,29 Aug 2014,2014,"Comedy, Drama, Romance",N/A,6.8,"21,833"
The Signal,54,PG-13,97 min,10 Jul 2014,2014,"Drama, Mystery, Sci-Fi, Thriller","$402,321",6.1,"58,790"
Jersey Boys,54,R,134 min,20 Jun 2014,2014,"Biography, Drama, Music, Musical",N/A,6.8,"30,709"
Think Like a Man Too,38,PG-13,106 min,20 Jun 2014,2014,"Comedy, Romance",N/A,5.8,"18,733"
Rebound,36,PG,86 min,01 Jul 2005,2005,"Comedy, Family, Sport","$16,708,656",5.1,"11,841"
America: Imagine the World Without Her,15,PG-13,105 min,02 Jul 2014,2014,Documentary,"$14,438,086",5.4,"6,350"
They Came Together,60,R,83 min,05 Sep 2014,2014,"Comedy, Romance",N/A,5.5,"19,962"
Transformers: Age of Extinction,32,PG-13,165 min,27 Jun 2014,2014,"Action, Adventure, Sci-Fi","$206,755,538",5.6,"285,879"
Title,N/A,N/A,N/A,N/A,1978,Short,N/A,3.3,13
Deliver Us from Evil,40,R,118 min,02 Jul 2014,2014,"Horror, Mystery, Thriller","$18,871,466",6.2,"64,316"
Earth to Echo,53,PG,91 min,02 Jul 2014,2014,"Adventure, Family, Sci-Fi",N/A,5.8,"17,729"
School Dance,N/A,R,85 min,02 Jul 2014,2014,"Comedy, Drama, Music",N/A,4.5,"1,288"
Tammy,39,R,97 min,02 Jul 2014,2014,"Comedy, Romance","$51,033,986",4.9,"44,852"
Boyhood,100,R,165 min,15 Aug 2014,2014,Drama,"$18,859,617",7.9,"317,913"
Dawn of the Planet of the Apes,79,PG-13,130 min,11 Jul 2014,2014,"Action, Adventure, Drama, Sci-Fi","$183,278,877",7.6,"393,126"
Rage,28,Not Rated,92 min,09 May 2014,2014,"Action, Crime, Thriller",N/A,5.0,"22,113"
Road to Paloma,44,R,91 min,11 Jul 2014,2014,"Drama, Thriller",N/A,6.1,"4,399"
I Origins,57,R,106 min,19 Sep 2014,2014,"Drama, Romance, Sci-Fi",N/A,7.4,"106,230"
Persecuted,11,PG-13,91 min,18 Jul 2014,2014,"Action, Drama, Mystery, Thriller","$1,557,494",3.5,"1,456"
Planes: Fire & Rescue,48,PG,83 min,18 Jul 2014,2014,"Animation, Adventure, Comedy, Family","$42,622,300",6.0,"15,468"
The Purge: Anarchy,50,R,103 min,18 Jul 2014,2014,"Action, Horror, Sci-Fi, Thriller",N/A,6.4,"127,537"
Sex Tape,36,R,94 min,18 Jul 2014,2014,"Comedy, Romance","$34,279,302",5.1,"101,541"
Tiger Orange,N/A,Unrated,75 min,01 Jul 2014,2014,Drama,N/A,6.6,"1,041"
Wish I Was Here,43,R,106 min,25 Jul 2014,2014,"Comedy, Drama",N/A,6.7,"35,149"
And So It Goes,38,PG-13,94 min,25 Jul 2014,2014,"Comedy, Drama, Romance","$10,482,672",5.8,"11,734"
Happy Christmas,70,R,82 min,26 Jun 2014,2014,"Comedy, Drama","$28,853",5.5,"7,248"
Hercules,74,G,93 min,27 Jun 1997,1997,"Animation, Adventure, Comedy, Family, Fantasy, Musical, Romance",N/A,7.3,"185,926"
Magic in the Moonlight,54,PG-13,97 min,15 Aug 2014,2014,"Comedy, Romance",N/A,6.6,"59,699"
My Man Is a Loser,19,R,95 min,25 Jul 2014,2014,Comedy,N/A,4.4,"1,232"
Get on Up,71,PG-13,139 min,01 Aug 2014,2014,"Biography, Drama, Music","$22,838,662",6.9,"19,218"
Guardians of the Galaxy,76,PG-13,121 min,01 Aug 2014,2014,"Action, Adventure, Comedy, Sci-Fi","$270,592,504",8.1,"969,125"
Mercenaries,N/A,Unrated,89 min,05 Aug 2014,2014,"Action, Adventure",N/A,3.6,"2,140"
4 Minute Mile,48,PG-13,96 min,01 Aug 2014,2014,"Drama, Sport",N/A,6.3,"2,514"
The Hundred-Foot Journey,55,PG,122 min,08 Aug 2014,2014,"Comedy, Drama","$46,214,579",7.3,"70,279"
Into the Storm,44,PG-13,89 min,08 Aug 2014,2014,"Action, Adventure, Drama, Thriller","$40,613,055",5.8,"61,358"
Step Up All In,45,PG-13,112 min,08 Aug 2014,2014,"Drama, Music, Romance","$13,617,501",6.0,"30,724"
Let's Be Cops,30,R,104 min,13 Aug 2014,2014,"Action, Comedy, Crime",N/A,6.4,"122,421"
The Expendables 3,35,PG-13,126 min,15 Aug 2014,2014,"Action, Adventure, Thriller","$34,742,878",6.1,"158,190"
The Giver,47,PG-13,97 min,15 Aug 2014,2014,"Drama, Romance, Sci-Fi","$33,480,518",6.5,"106,079"
Life After Beth,50,R,89 min,15 Jul 2014,2014,"Comedy, Fantasy, Horror, Romance",N/A,5.6,"18,110"
The One I Love,66,R,91 min,08 Aug 2014,2014,"Drama, Fantasy, Mystery, Romance, Sci-Fi, Thriller","$511,635",7.1,"31,646"
If I Stay,46,PG-13,107 min,22 Aug 2014,2014,"Drama, Fantasy, Music, Romance",N/A,6.7,"109,065"
Leprechaun: Origins,N/A,R,90 min,26 Aug 2014,2014,"Fantasy, Horror",N/A,3.2,"4,483"
Love Is Strange,82,R,94 min,18 Dec 2014,2014,"Drama, Romance","$1,932,818",6.7,"11,574"
The Prince,19,R,93 min,22 Aug 2014,2014,"Action, Thriller",N/A,4.6,"16,235"
Sin City: A Dame to Kill For,46,R,102 min,22 Aug 2014,2014,"Action, Crime, Thriller","$11,064,709",6.5,"142,043"
"As Above, So Below",38,R,93 min,29 Aug 2014,2014,"Horror, Mystery, Thriller",N/A,6.2,"68,144"
Cake,49,R,102 min,23 Jan 2015,2014,Drama,"$1,319,947",6.4,"33,366"
Dolphin Tale 2,58,PG,107 min,12 Sep 2014,2014,"Drama, Family",N/A,6.4,"7,655"
Honeymoon,65,R,87 min,12 Sep 2014,2014,"Horror, Mystery, Thriller","$9,168",5.7,"23,149"
No Good Deed,26,PG-13,84 min,12 Sep 2014,2014,"Action, Crime, Drama, Horror, Thriller","$42,428,931",5.6,"16,300"
The Guest,76,R,100 min,05 Sep 2014,2014,"Action, Comedy, Crime, Horror, Mystery, Thriller","$642,285",6.7,"83,163"
A Walk Among the Tombstones,57,R,114 min,19 Sep 2014,2014,"Action, Crime, Drama, Mystery, Thriller",N/A,6.5,"106,175"
The Maze Runner,57,PG-13,113 min,19 Sep 2014,2014,"Action, Mystery, Sci-Fi, Thriller","$98,537,272",6.8,"390,620"
The Scribbler,32,R,88 min,06 Nov 2014,2014,"Mystery, Sci-Fi, Thriller",N/A,5.4,"4,522"
The Skeleton Twins,74,R,93 min,11 Sep 2014,2014,"Comedy, Drama, Romance",N/A,6.8,"37,089"
This Is Where I Leave You,44,R,103 min,19 Sep 2014,2014,"Comedy, Drama","$26,730,317",6.6,"65,983"
Tusk,55,R,102 min,19 Sep 2014,2014,"Comedy, Drama, Horror",N/A,5.3,"41,517"
The Boxtrolls,61,PG,96 min,26 Sep 2014,2014,"Animation, Adventure, Comedy, Family, Fantasy","$52,098,992",6.8,"51,316"
The Equalizer,57,R,132 min,26 Sep 2014,2014,"Action, Crime, Thriller","$85,212,969",7.2,"307,887"
The Song,42,PG-13,116 min,26 Sep 2014,2014,"Drama, Music, Romance","$5,520,506",6.0,"1,968"
The Two Faces of January,66,PG-13,96 min,28 Aug 2014,2014,"Romance, Thriller","$1,638,101",6.2,"27,734"
Title,N/A,N/A,N/A,N/A,1978,Short,N/A,3.3,13
Annabelle,37,R,99 min,03 Oct 2014,2014,"Horror, Mystery, Thriller",N/A,5.4,"126,680"
Gone Girl,79,R,149 min,03 Oct 2014,2014,"Drama, Mystery, Thriller",N/A,8.1,"773,401"
The Good Lie,65,PG-13,110 min,07 Nov 2014,2014,"Biography, Drama",N/A,7.4,"25,534"
Left Behind,12,PG-13,110 min,03 Oct 2014,2014,"Action, Drama, Fantasy, Mystery, Thriller","$10,649,893",3.1,"34,203"
Last Shift,N/A,R,90 min,06 Oct 2015,2014,"Horror, Mystery, Thriller",N/A,5.8,"15,138"
Addicted,32,R,106 min,10 Oct 2014,2014,"Drama, Thriller","$17,382,982",5.2,"7,723"
"Alexander and the Terrible, Horrible, No Good, Very Bad Day",54,PG,81 min,10 Oct 2014,2014,"Comedy, Family","$56,752,482",6.2,"37,857"
Dracula Untold,40,PG-13,92 min,10 Oct 2014,2014,"Action, Drama, Fantasy, Horror, War",N/A,6.3,"166,539"
The Judge,48,R,141 min,10 Oct 2014,2014,"Crime, Drama","$35,631,470",7.4,"164,924"
Whiplash,88,R,106 min,15 Oct 2014,2014,"Drama, Music",N/A,8.5,"629,896"
You're Not You,56,R,102 min,26 Nov 2014,2014,Drama,N/A,7.4,"22,629"
Birdman or (The Unexpected Virtue of Ignorance),87,R,119 min,14 Nov 2014,2014,"Comedy, Drama",N/A,7.7,"528,043"
The Book of Life,67,PG,95 min,17 Oct 2014,2014,"Animation, Adventure, Comedy, Family, Fantasy, Musical, Romance",N/A,7.3,"60,205"
Camp X-Ray,54,R,117 min,17 Oct 2014,2014,"Drama, War","$9,837",6.9,"36,920"
The Czar of Black Hollywood,N/A,N/A,60 min,24 Dec 2014,2014,Documentary,N/A,N/A,N/A
Dear White People,79,R,108 min,04 Dec 2014,2014,"Comedy, Drama, Romance",N/A,6.1,"23,455"
Fury,64,R,134 min,17 Oct 2014,2014,"Action, Drama, War","$72,609,225",7.6,"387,559"
Listen Up Philip,76,Not Rated,108 min,21 Oct 2014,2014,"Comedy, Drama",N/A,6.3,"5,796"
Nightcrawler,76,R,117 min,31 Oct 2014,2014,"Crime, Drama, Thriller",N/A,7.9,"411,450"
Pernicious,N/A,Not Rated,90 min,20 Feb 2015,2014,"Horror, Thriller",N/A,4.7,"2,446"
Young Ones,47,R,100 min,17 Oct 2014,2014,"Action, Drama, Romance, Sci-Fi, Western",N/A,5.9,"8,790"
Laggies,63,R,99 min,24 Oct 2014,2014,"Comedy, Drama, Romance",N/A,6.4,"39,234"
Ouija,38,PG-13,89 min,24 Oct 2014,2014,"Horror, Mystery, Thriller","$43,513,891",4.5,"44,702"
Interstellar,74,PG-13,169 min,07 Nov 2014,2014,"Adventure, Drama, Sci-Fi","$158,737,441",8.6,"1,323,520"
A Merry Friggin' Christmas,28,PG-13,88 min,22 Nov 2014,2014,Comedy,N/A,5.1,"5,446"
The Better Angels,53,PG,95 min,07 Nov 2014,2014,"Biography, Drama, History",N/A,6.1,"1,190"
Big Hero 6,74,PG,102 min,07 Nov 2014,2014,"Animation, Action, Adventure, Family, Sci-Fi",N/A,7.8,"377,212"
Elsa & Fred,52,PG,108 min,28 Jul 2005,2005,"Comedy, Drama, Romance",N/A,7.6,"3,108"
Jessabelle,37,PG-13,90 min,07 Nov 2014,2014,"Horror, Thriller",N/A,5.4,"20,933"
The Peripheral,N/A,N/A,12 min,15 Nov 2014,2014,"Short, Fantasy, Horror",N/A,8.1,11
Beside Still Waters,42,TV-MA,76 min,14 Nov 2014,2013,"Comedy, Drama, Romance",N/A,6.5,287
Beyond the Lights,73,PG-13,116 min,14 Nov 2014,2014,"Drama, Music, Romance","$14,617,945",6.9,"14,248"
Dumb and Dumber To,36,PG-13,109 min,14 Nov 2014,2014,Comedy,N/A,5.6,"120,275"
Foxcatcher,81,R,134 min,16 Jan 2015,2014,"Biography, Drama, Sport","$9,744,477",7.0,"126,990"
The Homesman,68,R,122 min,18 May 2014,2014,"Drama, Western",N/A,6.6,"28,035"
Saving Christmas,18,PG,79 min,14 Nov 2014,2014,"Comedy, Family","$2,778,297",1.4,"14,349"
Witching Hour,N/A,N/A,30 min,01 Oct 2016,2016,"Short, Horror",N/A,N/A,N/A
The Hunger Games: Mockingjay - Part 1,64,PG-13,123 min,21 Nov 2014,2014,"Action, Adventure, Sci-Fi, Thriller","$295,457,212",6.6,"383,745"
Horrible Bosses 2,40,R,108 min,26 Nov 2014,2014,"Comedy, Crime","$39,939,072",6.3,"146,421"
Penguins of Madagascar,53,PG,92 min,26 Nov 2014,2014,"Animation, Adventure, Comedy, Family, Sci-Fi","$70,727,688",6.7,"73,514"
Comet,52,R,91 min,05 Dec 2014,2014,"Comedy, Drama, Romance, Sci-Fi",N/A,6.8,"16,401"
Wild,76,R,115 min,19 Dec 2014,2014,"Biography, Drama","$24,673,716",7.1,"111,359"
Exodus: Gods and Kings,52,PG-13,150 min,12 Dec 2014,2014,"Action, Drama, Fantasy",N/A,6.0,"152,086"
Inherent Vice,81,R,148 min,09 Jan 2015,2014,"Comedy, Crime, Drama, Mystery, Romance","$6,100,613",6.7,"84,821"
The Color of Time,34,R,73 min,09 Dec 2014,2012,"Biography, Drama, Romance",N/A,4.3,"1,204"
Top Five,81,R,102 min,12 Dec 2014,2014,"Comedy, Romance","$17,002,433",6.4,"24,921"
Goodbye to All That,62,Unrated,87 min,17 Dec 2014,2014,"Comedy, Drama, Romance",N/A,5.2,"2,153"
Annie,39,PG,127 min,18 Jun 1982,1982,"Comedy, Drama, Family, Musical",N/A,6.6,"36,963"
Night at the Museum: Secret of the Tomb,47,PG,98 min,19 Dec 2014,2014,"Adventure, Comedy, Family, Fantasy","$81,522,782",6.2,"94,754"
Big Eyes,62,PG-13,106 min,25 Dec 2014,2014,"Biography, Crime, Drama, Romance","$8,021,168",7.0,"78,723"
The Interview,52,R,112 min,24 Dec 2014,2014,"Action, Adventure, Comedy","$4,551,688",6.5,"288,979"
Into the Woods,69,PG,125 min,25 Dec 2014,2014,"Adventure, Comedy, Drama, Fantasy, Musical","$89,789,227",5.9,"124,879"
Unbroken,59,PG-13,137 min,25 Dec 2014,2014,"Biography, Drama, Sport, War","$70,500,647",7.2,"131,556"
The Woman in Black 2: Angel of Death,42,PG-13,98 min,02 Jan 2015,2014,"Drama, Horror, Thriller",N/A,4.8,"25,000"
Taken 3,26,PG-13,108 min,09 Jan 2015,2014,"Action, Thriller",N/A,6.0,"166,868"
Let's Kill Ward's Wife,21,Unrated,82 min,23 Dec 2014,2014,"Comedy, Crime",N/A,5.4,"5,186"
Match,62,R,92 min,14 Jan 2015,2014,"Comedy, Drama","$30,469",6.7,"1,975"
Blackhat,51,R,133 min,16 Jan 2015,2015,"Action, Crime, Thriller","$5,686,515",5.4,"49,020"
Little Accidents,56,Not Rated,105 min,12 May 2016,2014,Drama,"$5,479,639",5.8,"3,307"
Paddington,77,PG,95 min,16 Jan 2015,2014,"Adventure, Comedy, Family, Fantasy","$85,879,985",7.2,"86,480"
Spare Parts,50,PG-13,114 min,05 Jun 2015,2015,Drama,N/A,7.3,"9,789"
The Wedding Ringer,35,R,101 min,16 Jan 2015,2015,Comedy,N/A,6.6,"67,409"
Vice,61,R,132 min,25 Dec 2018,2018,"Biography, Comedy, Drama",N/A,7.2,"83,828"
Veronika Decides to Die,N/A,R,103 min,20 Jan 2015,2009,"Drama, Romance",N/A,6.4,"11,531"
The Boy Next Door,30,R,91 min,23 Jan 2015,2015,"Horror, Thriller",N/A,4.7,"35,239"
The Humbling,59,R,112 min,23 Jan 2015,2014,"Comedy, Drama, Romance",N/A,5.6,"5,974"
Mortdecai,27,R,107 min,23 Jan 2015,2015,"Action, Comedy, Crime, Mystery, Romance","$6,847,536",5.5,"62,154"
Song One,48,PG-13,86 min,22 Jan 2015,2014,"Drama, Music","$20,200",5.8,"8,622"
Strange Magic,25,PG,99 min,23 Jan 2015,2015,"Animation, Adventure, Comedy, Family, Fantasy, Musical, Romance","$10,201,634",5.8,"9,404"
We'll Never Have Paris,36,R,92 min,22 Jan 2015,2014,"Comedy, Romance",N/A,4.6,"3,274"
Black or White,45,PG-13,121 min,30 Jan 2015,2014,Drama,"$15,504,419",6.6,"10,798"
The Loft,24,R,108 min,30 Jan 2015,2014,"Mystery, Romance, Thriller","$4,409,157",6.3,"47,851"
Project Almanac,47,PG-13,106 min,30 Jan 2015,2015,"Drama, Mystery, Sci-Fi, Thriller",N/A,6.4,"72,052"
Wild Card,40,R,92 min,14 Jan 2015,2015,"Action, Crime, Drama, Thriller",N/A,5.6,"47,049"
3 Nights in the Desert,N/A,R,90 min,04 Jan 2014,2014,Drama,"$1,279",5.3,"1,407"
Enter the Dangerous Mind,22,N/A,88 min,06 Feb 2015,2013,Thriller,N/A,5.2,917
Jupiter Ascending,40,PG-13,127 min,06 Feb 2015,2015,"Action, Adventure, Sci-Fi","$43,733,037",5.3,"168,815"
"Love, Rosie",44,R,102 min,22 Oct 2014,2014,"Comedy, Romance",N/A,7.2,"107,822"
Seventh Son,30,PG-13,102 min,06 Feb 2015,2014,"Action, Adventure, Fantasy","$14,945,592",5.5,"67,254"
The SpongeBob Movie: Sponge Out of Water,62,PG,92 min,06 Feb 2015,2015,"Animation, Adventure, Comedy, Family, Fantasy",N/A,6.0,"44,432"
The Voices,58,R,103 min,06 Feb 2015,2014,"Comedy, Crime, Horror, Thriller",N/A,6.4,"49,164"
Accidental Love,20,PG-13,100 min,10 Feb 2015,2015,"Comedy, Romance",N/A,4.1,"7,163"
Da Sweet Blood of Jesus,52,Not Rated,123 min,13 Jan 2015,2014,"Comedy, Romance, Thriller",N/A,4.1,"1,239"
Fifty Shades of Grey,46,R,125 min,13 Feb 2015,2015,"Drama, Romance, Thriller","$189,859,585",4.1,"281,905"
Kingsman: The Secret Service,60,R,129 min,13 Feb 2015,2014,"Action, Adventure, Comedy, Thriller","$119,469,511",7.7,"550,429"
The Duff,56,PG-13,101 min,20 Feb 2015,2015,"Comedy, Romance","$30,777,437",6.5,"76,221"
Hot Tub Time Machine 2,29,R,93 min,20 Feb 2015,2015,"Comedy, Mystery, Sci-Fi",N/A,5.1,"34,857"
"McFarland, USA",60,PG,129 min,20 Feb 2015,2015,"Biography, Drama, Sport",N/A,7.4,"32,235"
Everly,35,R,92 min,23 Jan 2015,2014,"Action, Thriller",N/A,5.1,"16,068"
Focus,56,R,105 min,27 Feb 2015,2015,"Comedy, Crime, Drama, Romance","$50,265,541",6.6,"194,557"
The Lazarus Effect,31,PG-13,83 min,27 Feb 2015,2015,"Horror, Mystery, Sci-Fi, Thriller",N/A,5.2,"38,330"
Maps to the Stars,67,R,111 min,27 Feb 2015,2014,"Comedy, Drama","$338,190",6.2,"35,436"
Out of the Dark,33,R,92 min,20 Mar 2015,2014,"Horror, Thriller",N/A,4.8,"3,745"
Bad Ass 3: Bad Asses on the Bayou,N/A,R,85 min,06 Mar 2015,2015,"Action, Comedy, Drama",N/A,5.3,"2,155"
Chappie,41,R,120 min,06 Mar 2015,2015,"Action, Crime, Drama, Sci-Fi, Thriller",N/A,6.8,"215,755"
Road Hard,50,Not Rated,98 min,06 Mar 2015,2015,Comedy,N/A,6.1,"1,690"
The Second Best Exotic Marigold Hotel,51,PG,122 min,06 Mar 2015,2015,"Comedy, Drama","$38,996,694",6.5,"29,314"
Unfinished Business,32,R,91 min,06 Mar 2015,2015,"Comedy, Drama",N/A,5.4,"29,532"
Cinderella,67,PG,105 min,13 Mar 2015,2015,"Drama, Family, Fantasy, Romance","$183,327,144",6.9,"145,417"
The Cobbler,23,PG-13,99 min,13 Mar 2015,2014,"Comedy, Drama, Fantasy",N/A,5.8,"48,525"
Cymbeline,54,R,98 min,13 Mar 2015,2014,Drama,N/A,3.8,"3,374"
Home Sweet Hell,22,R,98 min,03 Feb 2015,2015,"Comedy, Crime, Thriller",N/A,5.4,"13,094"
It Follows,83,R,100 min,13 Mar 2015,2014,"Horror, Mystery, Thriller","$10,705,259",6.8,"186,237"
Muck,N/A,Not Rated,99 min,17 Feb 2016,2015,Horror,N/A,2.6,"2,346"
Run All Night,59,R,114 min,13 Mar 2015,2015,"Action, Drama, Thriller",N/A,6.6,"94,901"
Danny Collins,58,R,106 min,10 Apr 2015,2015,"Biography, Comedy, Drama, Music","$4,242,318",7.0,"27,861"
Do you Believe,N/A,N/A,12 min,N/A,2014,"Short, Drama, Thriller",N/A,N/A,N/A
The Gunman,39,R,115 min,20 Mar 2015,2015,"Action, Crime, Drama, Mystery, Thriller","$7,926,657",5.8,"36,581"
Tracers,45,PG-13,94 min,20 Mar 2015,2015,"Action, Crime, Drama, Thriller",N/A,5.6,"17,375"
The Walking Deceased,9,R,88 min,20 Mar 2015,2015,"Comedy, Horror",N/A,3.5,"2,892"
Get Hard,34,R,100 min,27 Mar 2015,2015,"Comedy, Crime",N/A,6.0,"112,724"
Home,55,PG,94 min,27 Mar 2015,2015,"Animation, Adventure, Comedy, Family, Fantasy, Sci-Fi","$157,801,252",6.6,"86,768"
Serena,36,R,109 min,26 Feb 2015,2014,"Drama, History, Romance","$326,289",5.4,"24,749"
While We're Young,77,R,97 min,17 Apr 2015,2014,"Comedy, Drama, Mystery","$7,008,208",6.3,"41,625"
Title,N/A,N/A,N/A,N/A,1978,Short,N/A,3.3,13
Furious 7,67,PG-13,137 min,03 Apr 2015,2015,"Action, Adventure, Thriller","$316,986,481",7.2,"338,987"
Woman in Gold,51,PG-13,109 min,10 Apr 2015,2015,"Biography, Drama, History",N/A,7.3,"49,287"
Ex Machina,78,R,108 min,24 Apr 2015,2014,"Drama, Mystery, Sci-Fi, Thriller","$19,012,798",7.7,"431,144"
The Longest Ride,33,PG-13,123 min,10 Apr 2015,2015,"Drama, Romance",N/A,7.1,"71,275"
Lost River,42,R,95 min,10 Apr 2015,2014,"Drama, Fantasy, Mystery, Thriller",N/A,5.8,"15,785"
1915,N/A,N/A,82 min,23 Apr 2015,2015,Drama,N/A,4.8,"4,434"
Alex of Venice,56,R,86 min,17 Apr 2015,2014,Drama,N/A,5.8,"2,799"
Beyond the Reach,34,R,91 min,17 Apr 2015,2014,Thriller,"$32,050",5.6,"8,879"
Child 44,41,R,137 min,17 Apr 2015,2015,"Crime, Drama, History, Thriller","$1,314,609",6.5,"60,328"
Monkey Kingdom,72,G,81 min,17 Apr 2015,2015,Documentary,"$11,360,669",7.3,"3,454"
Paul Blart: Mall Cop 2,13,PG,94 min,17 Apr 2015,2015,"Action, Comedy, Crime, Family",N/A,4.4,"31,337"
The Road Within,31,R,100 min,04 Jun 2015,2014,"Comedy, Drama",N/A,7.1,"12,958"
True Story,50,R,99 min,17 Apr 2015,2015,"Crime, Drama, Mystery, Thriller","$3,422,747",6.3,"55,018"
Unfriended,59,R,83 min,17 Apr 2015,2014,"Horror, Mystery, Thriller","$31,354,666",5.5,"62,817"
Adult Beginners,57,R,92 min,24 Apr 2015,2014,"Comedy, Drama","$104,415",5.6,"7,691"
Blackbird,N/A,Not Rated,103 min,12 Jun 2013,2012,Drama,N/A,7.1,"1,485"
Brotherly Love,N/A,R,89 min,24 Apr 2015,2015,Drama,"$46,290",6.7,"1,604"
Just Before I Go,24,R,95 min,24 Apr 2015,2014,"Comedy, Drama","$8,129",6.4,"16,748"
Little Boy,30,PG-13,106 min,24 Apr 2015,2015,"Drama, History, War","$4,902,290",7.4,"21,141"
The Age of Adaline,51,PG-13,112 min,24 Apr 2015,2015,"Drama, Fantasy, Romance",N/A,7.2,"141,096"
Avengers: Age of Ultron,66,PG-13,141 min,01 May 2015,2015,"Action, Adventure, Sci-Fi","$429,113,729",7.3,"680,834"
Far from the Madding Crowd,71,PG-13,119 min,22 May 2015,2015,"Drama, Romance",N/A,7.1,"41,537"
The D Train,N/A,R,101 min,08 May 2015,2015,"Comedy, Drama",N/A,5.0,"10,126"
Hot Pursuit,31,PG-13,87 min,08 May 2015,2015,"Action, Comedy, Crime","$26,863,875",5.1,"45,212"
Maggie,52,PG-13,95 min,08 May 2015,2015,"Drama, Horror","$136,397",5.6,"39,256"
Mad Max: Fury Road,90,R,120 min,15 May 2015,2015,"Action, Adventure, Sci-Fi, Thriller","$129,483,877",8.1,"795,116"
Pitch Perfect 2,63,PG-13,115 min,15 May 2015,2015,"Comedy, Music","$165,744,048",6.4,"132,146"
Poltergeist,79,PG,114 min,04 Jun 1982,1982,"Horror, Thriller",N/A,7.3,"130,909"
Tomorrowland,60,PG,130 min,22 May 2015,2015,"Action, Adventure, Family, Fantasy, Mystery, Sci-Fi","$71,526,443",6.4,"162,834"
When Marnie Was There,72,PG,103 min,19 Jul 2014,2014,"Animation, Drama, Family, Mystery","$463,187",7.7,"25,197"
Aloha,40,PG-13,105 min,29 May 2015,2015,"Comedy, Drama, Romance","$15,669,178",5.4,"56,169"
San Andreas,43,PG-13,114 min,29 May 2015,2015,"Action, Adventure, Drama, Thriller","$127,666,001",6.0,"195,586"
Spy,75,R,119 min,05 Jun 2015,2015,"Action, Comedy, Crime","$89,914,425",7.0,"216,317"
Insidious: Chapter 3,52,PG-13,97 min,05 Jun 2015,2015,"Horror, Mystery, Thriller",N/A,6.1,"84,571"
Love & Mercy,80,PG-13,121 min,19 Jun 2015,2014,"Biography, Drama, Music","$8,790,100",7.4,"32,677"
Jurassic World,59,PG-13,124 min,12 Jun 2015,2015,"Action, Adventure, Sci-Fi","$528,757,749",7.0,"544,726"
Me and Earl and the Dying Girl,74,PG-13,105 min,01 Jul 2015,2015,"Comedy, Drama, Romance",N/A,7.7,"114,241"
Dope,72,R,103 min,19 Jun 2015,2015,"Comedy, Crime, Drama","$11,674,449",7.2,"77,263"
Inside Out,94,PG,95 min,19 Jun 2015,2015,"Animation, Adventure, Comedy, Drama, Family, Fantasy","$264,317,903",8.2,"547,221"
Max,47,PG,111 min,26 Jun 2015,2015,"Adventure, Drama, Family, War","$26,714,191",6.7,"24,262"
Ted 2,48,R,115 min,26 Jun 2015,2015,Comedy,"$63,883,740",6.3,"168,600"
Title,N/A,N/A,N/A,N/A,1978,Short,N/A,3.3,13
Terminator Genisys,38,PG-13,126 min,01 Jul 2015,2015,"Action, Adventure, Sci-Fi","$75,614,989",6.4,"237,362"
Minions,56,PG,91 min,10 Jul 2015,2015,"Animation, Adventure, Comedy, Family, Sci-Fi","$277,969,969",6.4,"196,856"
Ant-Man,64,PG-13,117 min,17 Jul 2015,2015,"Action, Adventure, Comedy, Sci-Fi","$138,002,223",7.3,"513,374"
Trainwreck,75,R,125 min,17 Jul 2015,2015,"Comedy, Drama, Romance",N/A,6.2,"122,910"
Pixels,27,PG-13,105 min,24 Jul 2015,2015,"Action, Comedy, Sci-Fi","$66,412,009",5.6,"121,425"
Southpaw,57,R,124 min,24 Jul 2015,2015,"Drama, Sport","$42,373,328",7.4,"202,161"
The Vatican Tapes,38,PG-13,91 min,22 Jul 2015,2015,"Horror, Thriller",N/A,5.0,"15,039"
Mission: Impossible - Rogue Nation,75,PG-13,131 min,31 Jul 2015,2015,"Action, Adventure, Thriller","$154,979,949",7.4,"316,314"
The Gift,77,R,108 min,07 Aug 2015,2015,"Drama, Mystery, Thriller","$33,061,006",7.0,"125,554"
Straight Outta Compton,72,R,147 min,14 Aug 2015,2015,"Biography, Drama, History, Music","$129,402,415",7.9,"167,076"
The Man from U.N.C.L.E.,56,PG-13,116 min,14 Aug 2015,2015,"Action, Adventure, Comedy","$38,140,180",7.3,"243,810"
She's Funny That Way,45,R,93 min,21 Aug 2015,2014,"Comedy, Drama",N/A,6.1,"22,525"
No Escape,38,R,103 min,26 Aug 2015,2015,"Action, Thriller","$27,274,112",6.8,"71,082"
Hitman: Agent 47,28,R,96 min,21 Aug 2015,2015,"Action, Adventure, Crime, Thriller",N/A,5.7,"81,248"
The Visit,55,PG-13,94 min,11 Sep 2015,2015,"Horror, Mystery, Thriller","$56,499,874",6.2,"104,031"
Black Mass,68,R,123 min,18 Sep 2015,2015,"Biography, Crime, Drama","$48,786,443",6.9,"157,336"
Everest,64,PG-13,121 min,25 Sep 2015,2015,"Action, Adventure, Biography, Drama, Thriller","$46,529,055",7.1,"182,579"
Sicario,82,R,121 min,02 Oct 2015,2015,"Action, Crime, Drama, Mystery, Thriller",N/A,7.6,"334,074"
War Pigs,N/A,R,91 min,18 Sep 2015,2015,"Action, Drama, War",N/A,4.2,"2,804"
Title,N/A,N/A,N/A,N/A,1978,Short,N/A,3.3,13
The Martian,80,PG-13,144 min,02 Oct 2015,2015,"Adventure, Drama, Sci-Fi","$202,313,768",8.0,"690,895"
Steve Jobs,82,R,122 min,23 Oct 2015,2015,"Biography, Drama","$12,403,169",7.2,"140,471"
Bridge of Spies,81,PG-13,142 min,16 Oct 2015,2015,"Drama, History, Thriller",N/A,7.6,"266,105"
Crimson Peak,66,R,119 min,16 Oct 2015,2015,"Drama, Fantasy, Horror, Mystery, Romance, Thriller","$25,957,696",6.5,"120,496"
Spotlight,93,R,129 min,20 Nov 2015,2015,"Biography, Crime, Drama",N/A,8.1,"372,124"
The Peanuts Movie,67,G,88 min,06 Nov 2015,2015,"Animation, Adventure, Comedy, Drama, Family","$106,132,048",7.1,"39,579"
Carol,95,R,118 min,15 Jan 2016,2015,"Drama, Romance","$8,518,148",7.2,"102,455"
The Hunger Games: Mockingjay - Part 2,65,PG-13,137 min,20 Nov 2015,2015,"Action, Adventure, Sci-Fi, Thriller","$254,641,329",6.5,"257,098"
Creed,82,PG-13,133 min,25 Nov 2015,2015,"Drama, Sport","$81,157,671",7.6,"228,794"
The Good Dinosaur,66,PG,93 min,25 Nov 2015,2015,"Animation, Adventure, Comedy, Drama, Family, Fantasy","$123,087,120",6.7,"92,940"
Victor Frankenstein,36,PG-13,110 min,25 Nov 2015,2015,"Drama, Horror, Sci-Fi, Thriller",N/A,6.0,"48,216"
In the Heart of the Sea,47,PG-13,122 min,11 Dec 2015,2015,"Action, Adventure, Biography, Drama, History","$19,043,843",6.9,"110,081"
The Big Short,81,R,130 min,23 Dec 2015,2015,"Biography, Comedy, Drama, History",N/A,7.8,"315,497"
Star Wars: The Force Awakens World Premiere Red Carpet,N/A,N/A,N/A,14 Dec 2015,2015,N/A,N/A,6.7,7
Concussion,55,PG-13,123 min,25 Dec 2015,2015,"Biography, Drama, Sport","$23,268,108",7.1,"78,860"
Daddy's Home,42,PG-13,96 min,25 Dec 2015,2015,Comedy,N/A,6.2,"98,785"
Joy,56,PG-13,124 min,25 Dec 2015,2015,Drama,"$42,581,369",6.6,"119,318"
Point Break,58,R,122 min,12 Jul 1991,1991,"Action, Crime, Thriller",N/A,7.3,"142,256"
The Hateful Eight,68,R,168 min,30 Dec 2015,2015,"Crime, Drama, Mystery, Thriller, Western","$54,116,191",7.8,"452,556"
The Revenant,76,R,156 min,08 Jan 2016,2015,"Action, Adventure, Biography, Drama, Western",N/A,8.0,"633,071"
The Forest,34,PG-13,93 min,08 Jan 2016,2016,"Horror, Mystery, Thriller","$21,818,536",4.8,"36,936"
Anesthesia,55,R,90 min,08 Jan 2016,2015,"Crime, Drama, Thriller","$22,386",6.1,"3,823"
Lamb,62,R,97 min,12 Jan 2016,2015,Drama,N/A,6.3,"1,715"
Ride Along 2,32,PG-13,102 min,15 Jan 2016,2016,"Action, Comedy, Crime",N/A,5.9,"49,373"
Norm of the North,21,PG,90 min,15 Jan 2016,2016,"Animation, Adventure, Comedy, Family","$12,320,716",3.5,"8,031"
The Benefactor,40,TV-MA,93 min,15 Jan 2016,2015,Drama,N/A,5.1,"4,078"
Dirty Grandpa,21,R,102 min,22 Jan 2016,2016,Comedy,"$34,690,808",5.9,"103,325"
The 5th Wave,33,PG-13,112 min,22 Jan 2016,2016,"Action, Adventure, Drama, Fantasy, Sci-Fi, Thriller",N/A,5.2,"92,194"
The Boy,42,PG-13,97 min,22 Jan 2016,2016,"Horror, Mystery, Thriller","$30,196,680",6.0,"69,923"
Ip Man 3,57,PG-13,105 min,24 Dec 2015,2015,"Action, Biography, Drama, History",N/A,7.1,"39,539"
Synchronicity,39,R,101 min,22 Jan 2016,2015,"Drama, Mystery, Romance, Sci-Fi",N/A,5.5,"9,722"
Kung Fu Panda 3,66,PG,95 min,29 Jan 2016,2016,"Animation, Action, Adventure, Comedy, Family, Fantasy","$128,341,070",7.1,"118,714"
The Finest Hours,58,PG-13,117 min,29 Jan 2016,2016,"Action, Drama, History, Thriller","$20,278,493",6.7,"56,721"
Fifty Shades of Black,28,R,92 min,29 Jan 2016,2016,Comedy,N/A,3.5,"17,643"
Jane Got a Gun,49,R,98 min,29 Jan 2016,2015,"Action, Drama, Western","$976,847",5.9,"19,329"
"Hail, Caesar!",72,PG-13,106 min,05 Feb 2016,2016,"Comedy, Drama, Music, Mystery","$27,927,631",6.3,"112,917"
Pride + Prejudice + Zombies: Mr. Collins Line-O-Rama,N/A,N/A,N/A,31 May 2016,2016,Short,N/A,N/A,N/A
The Choice,26,PG-13,111 min,05 Feb 2016,2016,"Drama, Romance","$15,285,347",6.6,"30,918"
Deadpool,65,R,108 min,12 Feb 2016,2016,"Action, Adventure, Comedy, Sci-Fi","$328,674,489",8.0,"833,944"
Zoolander 2,34,PG-13,101 min,12 Feb 2016,2016,"Action, Comedy","$29,782,560",4.7,"60,580"
How to Be Single,51,R,110 min,12 Feb 2016,2016,"Comedy, Drama, Romance",N/A,6.1,"75,340"
Risen,51,PG-13,107 min,19 Feb 2016,2016,"Action, Drama, History, Mystery",N/A,6.2,"23,084"
The Witch,83,R,92 min,19 Feb 2016,2015,"Horror, Mystery","$19,239,494",6.8,"159,961"
Race,56,PG-13,134 min,19 Feb 2016,2016,"Biography, Drama, Sport","$14,319,394",7.1,"31,350"
Gods of Egypt,25,PG-13,127 min,26 Feb 2016,2016,"Action, Adventure, Fantasy","$31,141,074",5.4,"96,468"
Triple 9,52,R,115 min,26 Feb 2016,2016,"Crime, Thriller",N/A,6.3,"61,083"
Eddie the Eagle,54,PG-13,106 min,26 Feb 2016,2015,"Biography, Comedy, Drama, Sport","$20,047,049",7.4,"77,038"
Zootopia,78,PG,108 min,04 Mar 2016,2016,"Animation, Adventure, Comedy, Crime, Family, Mystery","$341,264,012",8.0,"391,862"
London Has Fallen,28,R,99 min,04 Mar 2016,2016,"Action, Thriller",N/A,5.9,"128,351"
Whiskey Tango Foxtrot,57,R,112 min,04 Mar 2016,2016,"Biography, Comedy, Drama, War","$18,356,529",6.6,"46,697"
The Other Side of the Door,41,R,96 min,04 Mar 2016,2016,Horror,N/A,5.3,"16,087"
10 Cloverfield Lane,76,PG-13,103 min,11 Mar 2016,2016,"Drama, Horror, Mystery, Sci-Fi, Thriller","$59,481,553",7.2,"264,442"
The Young Messiah,33,PG-13,111 min,11 Mar 2016,2016,"Drama, Fantasy",N/A,5.6,"2,914"
The Perfect Match,41,R,96 min,11 Mar 2016,2016,"Comedy, Romance","$7,428,856",4.9,"3,108"
"Hello, My Name Is Doris",63,R,90 min,01 Apr 2016,2015,"Comedy, Drama, Romance","$14,443,077",6.6,"17,588"
Miracles from Heaven,44,PG,109 min,16 Mar 2016,2016,"Biography, Drama, Family",N/A,7.1,"18,174"
The Bronze,44,R,100 min,18 Mar 2016,2015,"Comedy, Drama, Sport","$614,920",6.0,"9,132"
Midnight Special,76,PG-13,112 min,21 Apr 2016,2016,"Drama, Mystery, Sci-Fi, Thriller","$3,324,164",6.6,"68,765"
Batman v Superman: Dawn of Justice,44,PG-13,151 min,25 Mar 2016,2016,"Action, Adventure, Sci-Fi","$293,792,936",6.5,"582,918"
My Big Fat Greek Wedding 2,37,PG-13,94 min,25 Mar 2016,2016,"Comedy, Romance","$52,069,651",6.0,"26,299"
I Saw the Light,47,R,123 min,01 Apr 2016,2015,"Biography, Drama, Music, Romance",N/A,5.7,"5,793"
Everybody Wants Some!!,83,R,117 min,07 Apr 2016,2016,Comedy,N/A,6.9,"48,148"
Title,N/A,N/A,N/A,N/A,1978,Short,N/A,3.3,13
God's Not Dead 2,22,PG,120 min,01 Apr 2016,2016,Drama,N/A,4.3,"10,517"
Meet the Blacks,26,R,94 min,01 Apr 2016,2016,"Comedy, Horror",N/A,4.9,"34,843"
Miles Ahead,64,R,100 min,22 Apr 2016,2015,"Biography, Drama, Music, Romance",N/A,6.4,"8,611"
The Boss,40,R,99 min,08 Apr 2016,2016,Comedy,"$54,489,847",5.4,"39,838"
Hardcore Henry,51,R,96 min,08 Apr 2016,2015,"Action, Adventure, Sci-Fi, Thriller",N/A,6.7,"79,447"
Demolition,49,R,101 min,08 Apr 2016,2015,"Comedy, Drama","$1,656,098",7.0,"79,785"
The Invitation,74,Not Rated,100 min,08 Apr 2016,2015,"Drama, Horror, Mystery, Thriller","$231,703",6.6,"72,901"
The Jungle Book,77,PG,106 min,15 Apr 2016,2016,"Adventure, Drama, Family, Fantasy","$363,995,937",7.4,"244,054"
Barbershop: The Next Cut,67,PG-13,111 min,15 Apr 2016,2016,"Comedy, Drama","$54,014,580",5.9,"13,458"
Criminal,36,R,113 min,15 Apr 2016,2016,"Action, Crime, Drama, Mystery, Sci-Fi, Thriller",N/A,6.3,"52,581"
Green Room,79,R,95 min,13 May 2016,2015,"Horror, Music, Thriller","$3,219,029",7.0,"92,964"
The Huntsman: Winter's War,35,PG-13,114 min,22 Apr 2016,2016,"Action, Adventure, Drama, Fantasy","$46,445,229",6.1,"89,062"
A Hologram for the King,58,R,98 min,28 Apr 2016,2016,"Comedy, Drama, Romance",N/A,6.1,"36,780"
Elvis & Nixon,59,R,86 min,21 Apr 2016,2016,"Comedy, History","$725,324",6.4,"12,142"
Keanu,63,R,100 min,29 Apr 2016,2016,"Action, Comedy, Crime",N/A,6.3,"42,324"
Mother's Day,18,PG-13,118 min,29 Apr 2016,2016,"Comedy, Drama, Romance","$29,149,230",5.7,"29,495"
Ratchet & Clank,29,PG,94 min,29 Apr 2016,2016,"Animation, Action, Adventure, Comedy, Family, Fantasy, Sci-Fi",N/A,5.6,"9,160"
Captain America: Civil War,75,PG-13,147 min,06 May 2016,2016,"Action, Adventure, Sci-Fi","$408,080,554",7.8,"597,664"
Money Monster,55,R,98 min,13 May 2016,2016,"Crime, Drama, Thriller",N/A,6.5,"87,744"
The Darkness,27,PG-13,92 min,13 May 2016,2016,"Horror, Thriller","$10,732,841",4.4,"12,599"
Love & Friendship,87,PG,90 min,03 Jun 2016,2016,"Comedy, Drama, Romance","$14,013,564",6.4,"21,422"
The Angry Birds Movie,43,PG,97 min,20 May 2016,2016,"Animation, Comedy, Family","$107,506,776",6.3,"71,538"
Neighbors 2: Sorority Rising,58,R,92 min,20 May 2016,2016,Comedy,N/A,5.7,"104,666"
The Nice Guys,70,R,116 min,20 May 2016,2016,"Action, Comedy, Crime, Mystery, Thriller","$32,261,515",7.4,"245,818"
X-Men: Apocalypse,52,PG-13,144 min,27 May 2016,2016,"Action, Adventure, Sci-Fi","$135,729,385",6.9,"365,602"
Alice Through the Looking Glass,34,PG,113 min,27 May 2016,2016,"Adventure, Family, Fantasy","$77,037,635",6.2,"81,583"
Me Before You,51,PG-13,106 min,03 Jun 2016,2016,"Drama, Romance","$56,228,651",7.4,"180,143"
Popstar: Never Stop Never Stopping,68,R,87 min,03 Jun 2016,2016,"Comedy, Music",N/A,6.7,"48,062"
The Conjuring 2,65,R,134 min,10 Jun 2016,2016,"Horror, Mystery, Thriller","$102,461,593",7.3,"200,809"
Warcraft: The Beginning,32,PG-13,123 min,10 Jun 2016,2016,"Action, Adventure, Fantasy","$44,765,679",6.8,"228,297"
Now You See Me 2,46,PG-13,129 min,10 Jun 2016,2016,"Action, Adventure, Comedy, Crime, Mystery, Thriller","$65,030,563",6.5,"221,224"
Finding Dory,77,PG,97 min,17 Jun 2016,2016,"Animation, Adventure, Comedy, Family","$486,292,984",7.3,"218,175"
Central Intelligence,52,PG-13,107 min,17 Jun 2016,2016,"Action, Comedy, Crime","$127,380,061",6.3,"142,652"
Independence Day: Resurgence,32,PG-13,120 min,24 Jun 2016,2016,"Action, Adventure, Sci-Fi","$103,137,295",5.2,"157,023"
The Shallows,59,PG-13,86 min,24 Jun 2016,2016,"Drama, Horror, Thriller","$55,121,623",6.3,"109,797"
Free State of Jones,53,R,139 min,24 Jun 2016,2016,"Action, Biography, Drama, History, War",N/A,6.9,"45,887"
The Neon Demon,51,R,117 min,24 Jun 2016,2016,"Horror, Thriller",N/A,6.2,"74,292"
Title,N/A,N/A,N/A,N/A,1978,Short,N/A,3.3,13
The Legend of Tarzan,44,PG-13,110 min,01 Jul 2016,2016,"Action, Adventure, Drama, Fantasy, Romance","$126,585,313",6.2,"152,310"
The BFG,66,PG,117 min,01 Jul 2016,2016,"Adventure, Family, Fantasy","$55,472,665",6.4,"70,285"
The Purge: Election Year,55,R,108 min,01 Jul 2016,2016,"Action, Horror, Sci-Fi, Thriller",N/A,6.0,"81,651"
The Secret Life of Pets,61,PG,87 min,08 Jul 2016,2016,"Animation, Adventure, Comedy, Family","$368,305,960",6.5,"167,193"
Mike and Dave Need Wedding Dates,51,R,98 min,08 Jul 2016,2016,"Comedy, Romance","$46,007,113",6.0,"76,511"
CHARACTERz,N/A,N/A,103 min,12 Jul 2016,2016,"Comedy, Family",N/A,8.2,13
The Infiltrator,66,R,127 min,13 Jul 2016,2016,"Biography, Crime, Drama, Thriller","$15,425,870",7.0,"62,226"
Ghostbusters,71,PG,105 min,08 Jun 1984,1984,"Action, Comedy, Fantasy",N/A,7.8,"327,935"
Star Trek Beyond,68,PG-13,122 min,22 Jul 2016,2016,"Action, Adventure, Sci-Fi, Thriller","$158,804,470",7.1,"212,108"
Ice Age: Collision Course,34,PG,94 min,22 Jul 2016,2016,"Animation, Adventure, Comedy, Family, Fantasy, Romance, Sci-Fi","$64,060,187",5.7,"50,154"
Lights Out,58,PG-13,81 min,22 Jul 2016,2016,"Drama, Horror, Mystery, Thriller","$67,235,683",6.3,"102,879"
Jason Bourne,58,PG-13,123 min,29 Jul 2016,2016,"Action, Thriller","$162,162,120",6.6,"192,849"
Bad Moms,60,R,100 min,29 Jul 2016,2016,Comedy,"$113,217,955",6.2,"102,794"
Nerve,58,PG-13,96 min,27 Jul 2016,2016,"Action, Adventure, Crime, Drama, Mystery, Thriller","$38,562,379",6.5,"104,461"
Suicide Squad,40,PG-13,123 min,05 Aug 2016,2016,"Action, Adventure, Fantasy, Sci-Fi","$325,021,779",6.0,"543,236"
Nine Lives,11,PG,87 min,05 Aug 2016,2016,"Comedy, Drama, Family, Fantasy","$19,637,449",5.3,"18,848"
Pete's Dragon,71,PG,102 min,12 Aug 2016,2016,"Action, Adventure, Comedy, Family, Fantasy","$76,228,119",6.7,"49,926"
Sausage Party,66,R,89 min,12 Aug 2016,2016,"Animation, Adventure, Comedy, Fantasy","$97,661,826",6.2,"161,346"
Florence Foster Jenkins,71,PG-13,111 min,12 Aug 2016,2016,"Biography, Comedy, Drama, Music","$27,370,107",6.8,"45,654"
Ben-Hur,90,G,212 min,29 Jan 1960,1959,"Adventure, Drama, History",N/A,8.1,"203,472"
Kubo and the Two Strings,84,PG,101 min,19 Aug 2016,2016,"Animation, Action, Adventure, Family, Fantasy","$48,019,281",7.8,"107,790"
War Dogs,57,R,114 min,19 Aug 2016,2016,"Biography, Comedy, Crime, Drama, War","$43,017,433",7.1,"157,401"
Mechanic: Resurrection,38,R,98 min,26 Aug 2016,2016,"Action, Adventure, Thriller","$21,203,260",5.7,"68,793"
Don't Breathe,71,R,88 min,26 Aug 2016,2016,"Crime, Horror, Thriller","$89,210,468",7.1,"191,380"
Hands of Stone,54,R,111 min,26 Aug 2016,2016,"Action, Biography, Drama, Sport","$4,711,216",6.6,"13,107"
The Light Between Oceans,60,PG-13,133 min,02 Sep 2016,2016,"Drama, Romance","$12,533,911",7.2,"47,169"
Morgan,48,R,92 min,02 Sep 2016,2016,"Action, Horror, Sci-Fi, Thriller","$3,912,052",5.8,"36,035"
Sully,74,PG-13,96 min,09 Sep 2016,2016,"Biography, Drama","$125,065,700",7.4,"207,983"
When the Bough Breaks,28,PG-13,107 min,09 Sep 2016,2016,"Crime, Drama, Horror, Mystery, Romance, Thriller","$29,740,655",5.1,"4,929"
The Wild Life,36,PG,91 min,09 Sep 2016,2016,"Animation, Adventure, Comedy, Family","$7,965,609",5.3,"5,155"
The Disappointments Room,31,R,85 min,09 Sep 2016,2016,"Drama, Horror, Thriller","$2,411,580",3.9,"8,320"
Bridget Jones's Baby,59,R,123 min,16 Sep 2016,2016,"Comedy, Drama, Romance","$24,089,465",6.5,"61,446"
Snowden,58,R,134 min,16 Sep 2016,2016,"Biography, Drama, Thriller","$21,562,346",7.3,"121,431"
Blair Witch,47,R,89 min,16 Sep 2016,2016,"Horror, Mystery, Thriller","$20,747,013",5.0,"37,503"
Hillsong: Let Hope Rise,43,PG,103 min,16 Sep 2016,2016,"Documentary, Family, Music","$2,379,745",6.4,789
The Magnificent Seven,54,PG-13,132 min,23 Sep 2016,2016,"Action, Adventure, Western","$93,381,044",6.9,"170,690"
Storks,56,PG,87 min,23 Sep 2016,2016,"Animation, Adventure, Comedy, Family, Fantasy","$72,655,779",6.8,"51,267"
South of 8,N/A,N/A,91 min,26 Sep 2016,2016,"Action, Crime, Drama",N/A,8.9,7
Miss Peregrine's Home for Peculiar Children,57,PG-13,127 min,30 Sep 2016,2016,"Adventure, Drama, Fantasy, Thriller","$87,240,689",6.7,"142,680"
Deepwater Horizon,68,PG-13,107 min,30 Sep 2016,2016,"Action, Drama, History, Thriller","$73,098,411",7.1,"135,716"
Masterminds,47,PG-13,95 min,30 Sep 2016,2016,"Comedy, Crime","$17,356,894",5.8,"45,989"
Title,N/A,N/A,N/A,N/A,1978,Short,N/A,3.3,13
The Girl on the Train,48,R,112 min,07 Oct 2016,2016,"Crime, Drama, Mystery, Thriller","$75,311,445",6.5,"154,304"
The Birth of a Nation,N/A,Not Rated,195 min,21 Mar 1915,1915,"Drama, History, War",N/A,6.4,"20,655"
Rings,25,PG-13,102 min,03 Feb 2017,2017,"Drama, Horror, Mystery, Romance, Thriller","$27,766,716",4.5,"34,759"
Arsenal,25,R,97 min,06 Jan 2017,2017,"Action, Crime, Thriller",N/A,4.0,"3,617"
Between Us,N/A,R,90 min,05 Oct 2012,2012,Drama,N/A,4.6,943
Monster Trucks,41,PG,104 min,13 Jan 2017,2016,"Action, Adventure, Comedy, Family, Fantasy, Sci-Fi","$33,243,820",5.6,"13,842"
The Bye Bye Man,37,PG-13,96 min,13 Jan 2017,2017,"Drama, Fantasy, Horror, Mystery, Thriller","$22,377,458",4.3,"18,380"
Sleepless,34,R,95 min,13 Jan 2017,2017,"Action, Crime, Thriller","$20,757,977",5.6,"26,489"
100 Streets,44,N/A,93 min,13 Jan 2017,2016,Drama,N/A,5.7,"3,403"
The Book of Love,27,PG-13,106 min,20 Oct 2017,2016,Drama,N/A,6.0,"3,388"
Split,62,PG-13,117 min,20 Jan 2017,2016,"Horror, Thriller","$138,120,085",7.3,"370,597"
xXx: Return of Xander Cage,42,PG-13,107 min,20 Jan 2017,2017,"Action, Adventure, Thriller","$44,850,317",5.2,"79,338"
The Resurrection of Gavin Stone,36,PG,91 min,20 Jan 2017,2016,"Comedy, Drama, Family, Romance",N/A,6.2,"1,564"
Trespass Against Us,50,R,99 min,24 Nov 2016,2016,"Action, Crime, Drama, Thriller",N/A,5.8,"6,762"
Sophie and the Rising Sun,55,R,105 min,22 Jan 2016,2016,Drama,"$30,348",6.5,926
A Dog's Purpose,43,PG,100 min,27 Jan 2017,2017,"Adventure, Comedy, Drama, Family, Fantasy","$64,304,940",7.1,"56,364"
Resident Evil: The Final Chapter,49,R,107 min,27 Jan 2017,2016,"Action, Horror, Sci-Fi, Thriller","$26,844,692",5.5,"76,157"
Lost in Florence,28,Not Rated,97 min,27 Jan 2017,2017,"Adventure, Drama, Romance",N/A,5.1,606
I Am Michael,56,Not Rated,98 min,27 Jan 2017,2015,"Biography, Drama, Romance",N/A,5.7,"4,254"
iBoy,50,N/A,90 min,27 Jan 2017,2017,"Action, Crime, Sci-Fi, Thriller",N/A,6.0,"17,471"
Rings,25,PG-13,102 min,03 Feb 2017,2017,"Drama, Horror, Mystery, Romance, Thriller","$27,766,716",4.5,"34,759"
The Space Between Us,33,PG-13,120 min,03 Feb 2017,2017,"Adventure, Drama, Romance, Sci-Fi","$7,829,766",6.4,"42,315"
Youth in Oregon,38,N/A,105 min,03 Feb 2017,2016,"Comedy, Drama",N/A,5.6,989
I Am Not Your Negro,95,PG-13,93 min,17 Feb 2017,2016,Documentary,"$7,120,626",7.8,"14,152"
Growing Up Smith,N/A,PG-13,102 min,03 Feb 2017,2015,"Comedy, Drama, Family","$14,867",6.8,939
The Lego Batman Movie,75,PG,104 min,10 Feb 2017,2017,"Animation, Action, Comedy, Family","$175,686,290",7.3,"118,822"
Fifty Shades Darker,33,R,118 min,10 Feb 2017,2017,"Drama, Romance","$114,376,885",4.6,"83,126"
John Wick: Chapter 2,75,R,122 min,10 Feb 2017,2017,"Action, Crime, Thriller","$91,970,516",7.5,"312,934"
Bornless Ones,N/A,N/A,81 min,10 Feb 2017,2016,Horror,N/A,4.6,965
The Great Wall,42,PG-13,103 min,17 Feb 2017,2016,"Action, Adventure, Fantasy, Thriller","$45,125,480",5.9,"113,655"
A Cure for Wellness,47,R,146 min,17 Feb 2017,2016,"Drama, Fantasy, Horror, Mystery, Sci-Fi, Thriller","$8,103,139",6.4,"72,390"
Fist Fight,37,R,91 min,17 Feb 2017,2017,Comedy,"$32,153,522",5.6,"35,990"
American Fable,55,Not Rated,96 min,17 Feb 2017,2016,Thriller,N/A,6.1,"3,476"
XX,64,R,80 min,17 Feb 2017,2017,Horror,"$30,611",4.5,"10,010"
Lovesong,74,Not Rated,84 min,17 Feb 2017,2016,"Drama, Romance","$10,545",6.3,"3,391"
Get Out,84,R,104 min,24 Feb 2017,2017,"Horror, Mystery, Thriller","$175,428,355",7.7,"416,862"
Rock Dog,48,PG,90 min,24 Feb 2017,2016,"Animation, Adventure, Comedy, Family, Music",N/A,5.9,"4,133"
Collide,33,PG-13,99 min,24 Feb 2017,2016,"Action, Crime, Thriller","$2,196,654",5.7,"13,547"
The Girl with All the Gifts,67,R,111 min,26 Jan 2017,2016,"Drama, Horror, Sci-Fi, Thriller",N/A,6.6,"47,792"
I Don't Feel at Home in This World Anymore.,75,TV-MA,93 min,24 Feb 2017,2017,"Comedy, Crime, Drama, Thriller",N/A,6.9,"39,057"
Contemporary Color,79,PG-13,97 min,14 Apr 2016,2016,"Documentary, Music","$15,275",6.3,114
Logan,77,R,137 min,03 Mar 2017,2017,"Action, Drama, Sci-Fi, Thriller","$226,276,809",8.1,"575,839"
The Shack,32,PG-13,132 min,03 Mar 2017,2017,"Drama, Fantasy","$57,330,873",6.3,"26,627"
Before I Fall,58,PG-13,98 min,03 Mar 2017,2017,"Drama, Fantasy, Mystery","$12,230,741",6.4,"40,186"
Table 19,40,PG-13,87 min,03 Mar 2017,2017,"Comedy, Drama, Romance","$3,606,977",5.8,"23,312"
The Last Word,40,R,108 min,03 Mar 2017,2017,"Comedy, Drama","$1,782,667",6.6,"6,494"
Catfight,66,Not Rated,95 min,03 Mar 2017,2016,"Comedy, Drama",N/A,5.8,"4,350"
Donald Cried,72,Not Rated,85 min,12 Mar 2016,2016,"Comedy, Drama","$61,309",6.5,951
Kong: Skull Island,62,PG-13,118 min,10 Mar 2017,2017,"Action, Adventure, Fantasy, Sci-Fi","$167,986,460",6.6,"243,946"
Burning Sands,63,TV-MA,96 min,10 Mar 2017,2017,Drama,N/A,6.1,"2,299"
Beauty and the Beast,95,G,84 min,22 Nov 1991,1991,"Animation, Family, Fantasy, Musical, Romance","$47,611,331",8.0,"395,317"
The Belko Experiment,44,R,89 min,17 Mar 2017,2016,"Horror, Thriller","$10,164,675",6.1,"39,318"
Song to Song,54,R,129 min,17 Mar 2017,2017,"Drama, Music, Romance","$421,856",5.7,"15,947"
Atomica,33,Not Rated,81 min,17 Mar 2017,2017,"Sci-Fi, Thriller",N/A,4.1,"1,836"
All Nighter,37,R,86 min,24 Mar 2017,2017,"Comedy, Drama",N/A,5.7,"5,388"
The Devil's Candy,72,Not Rated,79 min,17 Mar 2017,2015,"Drama, Horror, Thriller",N/A,6.4,"14,497"
Power Rangers,44,PG-13,124 min,24 Mar 2017,2017,"Action, Adventure, Sci-Fi","$85,275,488",5.9,"94,494"
Life,54,R,104 min,24 Mar 2017,2017,"Horror, Sci-Fi, Thriller","$30,180,466",6.6,"185,922"
CHIPS,28,R,100 min,24 Mar 2017,2017,"Action, Comedy, Crime","$18,591,819",6.0,"38,012"
Wilson,49,R,94 min,24 Mar 2017,2017,"Comedy, Drama","$652,997",5.8,"9,115"
Victor,N/A,PG-13,105 min,24 Mar 2017,2015,"Biography, Crime, Drama",N/A,6.8,197
Car Dogs,N/A,R,104 min,01 Jan 2017,2016,"Comedy, Drama",N/A,5.1,425
Walk of Fame,N/A,N/A,93 min,24 Mar 2017,2017,Comedy,N/A,3.1,751
Ghost in the Shell,52,PG-13,107 min,31 Mar 2017,2017,"Action, Drama, Sci-Fi, Thriller","$40,533,014",6.4,"180,511"
The Boss Baby,50,PG,97 min,31 Mar 2017,2017,"Animation, Adventure, Comedy, Family, Fantasy","$174,996,080",6.3,"95,726"
The Zookeeper's Wife,57,PG-13,127 min,07 Apr 2017,2017,"Biography, Drama, History, War","$17,407,536",7.0,"32,882"
The Blackcoat's Daughter,68,R,93 min,16 Feb 2017,2015,"Horror, Thriller","$19,980",5.9,"14,147"
The Discovery,54,TV-MA,102 min,31 Mar 2017,2017,"Drama, Romance, Sci-Fi, Thriller",N/A,6.3,"25,282"
Carrie Pilby,52,Not Rated,98 min,04 Apr 2017,2016,"Comedy, Drama","$19,025",6.6,"4,886"
Title,N/A,N/A,N/A,N/A,1978,Short,N/A,3.3,13
The Case for Christ,50,PG,112 min,07 Apr 2017,2017,"Biography, Drama","$14,678,714",6.2,"6,680"
Smurfs: The Lost Village,40,PG,90 min,07 Apr 2017,2017,"Animation, Adventure, Comedy, Family, Fantasy","$45,011,202",6.0,"16,013"
Going in Style,50,PG-13,96 min,07 Apr 2017,2017,"Comedy, Crime",N/A,6.6,"67,784"
Colossal,70,R,109 min,21 Apr 2017,2016,"Comedy, Drama, Fantasy, Sci-Fi, Thriller","$3,027,134",6.2,"51,810"
Gifted,60,PG-13,101 min,12 Apr 2017,2017,Drama,"$24,799,765",7.6,"85,318"
Aftermath,44,R,94 min,07 Apr 2017,2017,"Drama, Thriller",N/A,5.7,"18,486"
The Fate of the Furious,56,PG-13,136 min,14 Apr 2017,2017,"Action, Adventure, Thriller","$225,697,400",6.7,"184,589"
Spark,N/A,NOT RATED,103 min,16 Jan 1998,1998,"Drama, Thriller",N/A,5.5,207
The Lost City of Z,78,PG-13,141 min,21 Apr 2017,2016,"Biography, Drama, History","$8,554,554",6.6,"67,977"
My Entire High School Sinking Into the Sea,72,PG-13,75 min,23 Sep 2016,2016,"Animation, Comedy, Drama","$65,250",6.1,759
The Outcasts,47,PG-13,95 min,14 Apr 2017,2017,Comedy,N/A,5.5,"3,106"
Born in China,57,G,79 min,21 Apr 2017,2016,Documentary,"$13,861,159",7.2,"3,059"
The Promise,49,PG-13,133 min,21 Apr 2017,2016,"Drama, History","$8,186,236",5.9,"164,871"
The Circle,43,PG-13,110 min,28 Apr 2017,2017,"Drama, Sci-Fi, Thriller","$20,476,300",5.3,"74,355"
How to Be a Latin Lover,54,PG-13,115 min,28 Apr 2017,2017,"Comedy, Drama","$32,088,029",5.9,"12,061"
Sleight,62,R,89 min,28 Apr 2017,2016,"Action, Drama, Sci-Fi, Thriller","$3,847,290",5.9,"7,217"
Guardians of the Galaxy Vol. 2,67,PG-13,136 min,05 May 2017,2017,"Action, Adventure, Comedy, Sci-Fi","$389,804,217",7.6,"502,562"
The Lovers,N/A,Not Rated,90 min,26 Oct 1959,1958,"Drama, Romance",N/A,7.3,"4,209"
3 Generations,47,PG-13,92 min,29 Sep 2016,2015,Drama,"$66,371",5.9,"5,125"
King Arthur: Legend of the Sword,41,PG-13,126 min,12 May 2017,2017,"Action, Adventure, Drama, Fantasy","$39,037,047",6.8,"172,159"
Snatched,45,R,90 min,12 May 2017,2017,"Action, Adventure, Comedy","$45,850,343",4.5,"30,678"
Lowriders,57,PG-13,98 min,12 May 2017,2016,"Adventure, Crime, Drama","$6,155,650",5.7,"1,977"
The Wall,57,R,88 min,18 May 2017,2017,"Action, Drama, Thriller, War","$1,803,009",6.2,"20,856"
Paris Can Wait,48,PG,92 min,07 Jul 2017,2016,"Comedy, Drama, Romance","$5,617,321",5.8,"6,668"
Alien: Covenant,65,R,122 min,19 May 2017,2017,"Horror, Sci-Fi, Thriller","$74,255,908",6.4,"232,299"
Diary of a Wimpy Kid: The Long Haul,39,PG,91 min,19 May 2017,2017,"Comedy, Family","$20,737,440",4.4,"5,853"
"Everything, Everything",52,PG-13,96 min,19 May 2017,2017,"Drama, Romance","$34,091,886",6.4,"28,071"
Wakefield,62,R,106 min,19 May 2017,2016,"Comedy, Drama",N/A,6.3,"13,426"
Baywatch,37,R,116 min,25 May 2017,2017,"Action, Comedy, Crime","$58,009,442",5.5,"141,995"
Pirates of the Caribbean: Dead Men Tell No Tales,39,PG-13,129 min,26 May 2017,2017,"Action, Adventure, Fantasy","$172,537,139",6.6,"233,146"
Buena Vista Social Club: Adios,67,PG,110 min,26 May 2017,2017,Documentary,"$118,253",6.9,243
War Machine,56,TV-MA,122 min,26 May 2017,2017,"Comedy, Drama, War",N/A,6.0,"35,747"
Wonder Woman,76,PG-13,141 min,02 Jun 2017,2017,"Action, Adventure, Fantasy, Sci-Fi, War","$412,400,625",7.4,"498,325"
Captain Underpants: The First Epic Movie,69,PG,89 min,02 Jun 2017,2017,"Animation, Action, Comedy, Family","$73,895,861",6.2,"22,524"
Dean,58,PG-13,94 min,02 Jun 2017,2016,"Comedy, Drama, Romance","$248,849",6.3,"1,631"
The Mummy,48,PG-13,124 min,07 May 1999,1999,"Action, Adventure, Fantasy",N/A,7.0,"370,170"
It Comes at Night,78,R,91 min,09 Jun 2017,2017,"Horror, Mystery","$13,985,117",6.2,"70,624"
My Cousin Rachel,63,PG-13,106 min,09 Jun 2017,2017,"Drama, Mystery, Romance","$2,711,003",6.0,"15,916"
Megan Leavey,66,PG-13,116 min,09 Jun 2017,2017,"Biography, Drama, War","$13,401,068",7.1,"19,453"
Beatriz at Dinner,68,R,82 min,09 Jun 2017,2017,"Comedy, Drama","$7,115,001",6.0,"8,132"
Cars 3,59,G,102 min,16 Jun 2017,2017,"Animation, Adventure, Comedy, Family, Sport","$152,603,003",6.7,"61,984"
Rough Night,51,R,101 min,16 Jun 2017,2017,"Comedy, Crime, Thriller","$22,092,592",5.2,"41,148"
All Eyez on Me,38,R,139 min,16 Jun 2017,2017,"Biography, Drama, Music","$44,892,121",5.8,"18,965"
47 Meters Down,52,PG-13,89 min,16 Jun 2017,2017,"Adventure, Drama, Horror, Thriller","$44,305,642",5.6,"41,019"
The Book of Henry,31,PG-13,105 min,23 Jun 2017,2017,"Crime, Drama, Thriller","$4,219,536",6.6,"20,565"
Transformers: The Last Knight,27,PG-13,154 min,21 Jun 2017,2017,"Action, Adventure, Sci-Fi","$130,104,634",5.2,"121,971"
The Beguiled,77,R,93 min,30 Jun 2017,2017,"Drama, Thriller","$10,542,504",6.3,"44,320"
The Big Sick,86,R,120 min,14 Jul 2017,2017,"Comedy, Drama, Romance","$42,824,653",7.6,"106,600"
The Bad Batch,62,R,118 min,23 Jun 2017,2016,"Drama, Horror, Romance, Sci-Fi","$180,851",5.3,"21,731"
Baby Driver,86,R,113 min,28 Jun 2017,2017,"Action, Crime, Drama, Music, Thriller","$107,770,367",7.6,"377,897"
Okja,75,TV-MA,120 min,28 Jun 2017,2017,"Action, Adventure, Drama, Sci-Fi",N/A,7.3,"75,072"
Despicable Me 3,49,PG,89 min,30 Jun 2017,2017,"Animation, Adventure, Comedy, Family, Fantasy, Sci-Fi","$264,194,540",6.3,"96,116"
The House,30,R,88 min,30 Jun 2017,2017,"Comedy, Crime","$25,563,273",5.6,"34,966"
The Little Hours,69,R,90 min,30 Jun 2017,2017,"Comedy, Romance","$1,623,366",5.8,"15,830"
Inconceivable,N/A,R,105 min,30 Jun 2017,2017,"Drama, Thriller",N/A,5.2,"7,174"
Title,N/A,N/A,N/A,N/A,1978,Short,N/A,3.3,13
A Ghost Story,84,R,92 min,27 Jul 2017,2017,"Drama, Fantasy, Romance","$1,594,798",6.8,"48,114"
Spider-Man: Homecoming,73,PG-13,133 min,07 Jul 2017,2017,"Action, Adventure, Sci-Fi","$334,166,825",7.4,"452,558"
War for the Planet of the Apes,82,PG-13,140 min,14 Jul 2017,2017,"Action, Adventure, Drama, Sci-Fi, Thriller","$146,872,826",7.4,"206,234"
Wish Upon,32,PG-13,90 min,14 Jul 2017,2017,"Drama, Fantasy, Horror, Mystery, Thriller","$14,301,001",5.0,"15,443"
Dunkirk,94,PG-13,106 min,21 Jul 2017,2017,"Action, Drama, History, Thriller, War","$188,042,171",7.9,"478,576"
Valerian and the City of a Thousand Planets,51,PG-13,137 min,21 Jul 2017,2017,"Action, Adventure, Fantasy, Sci-Fi","$40,442,321",6.5,"143,415"
Girls Trip,71,R,122 min,21 Jul 2017,2017,"Adventure, Comedy, Drama","$115,088,305",6.2,"30,274"
First Kill,39,R,97 min,21 Jul 2017,2017,"Action, Thriller",N/A,4.9,"8,168"
Atomic Blonde,63,R,115 min,28 Jul 2017,2017,"Action, Mystery, Thriller","$51,536,935",6.7,"154,612"
The Emoji Movie,12,PG,86 min,28 Jul 2017,2017,"Animation, Adventure, Comedy, Family, Fantasy","$86,053,485",3.2,"49,847"
An Inconvenient Sequel: Truth to Power,68,PG,98 min,04 Aug 2017,2017,Documentary,"$3,456,144",6.4,"6,984"
Detroit,77,R,143 min,04 Aug 2017,2017,"Crime, Drama, History, Thriller","$16,788,494",7.3,"41,570"
Brigsby Bear,68,PG-13,97 min,21 Sep 2017,2017,"Comedy, Drama","$529,426",7.3,"13,997"
Menashe,81,PG,82 min,28 Jul 2017,2017,Drama,"$1,688,620",6.5,"1,538"
The Dark Tower,34,PG-13,95 min,04 Aug 2017,2017,"Action, Adventure, Fantasy, Horror, Sci-Fi, Western","$50,644,837",5.6,"112,421"
Kidnap,44,R,95 min,04 Aug 2017,2017,"Crime, Drama, Thriller","$30,597,319",5.9,"29,645"
Step,81,PG,84 min,04 Aug 2017,2017,Documentary,"$1,137,759",6.9,759
Wind River,73,R,107 min,18 Aug 2017,2017,"Crime, Drama, Mystery, Thriller","$33,782,714",7.7,"174,310"
Armed Response,13,R,93 min,09 Aug 2017,2017,"Action, Horror, Thriller",N/A,3.7,"1,774"
Annabelle: Creation,62,R,109 min,11 Aug 2017,2017,"Horror, Mystery, Thriller","$101,788,793",6.5,"96,212"
The Glass Castle,56,PG-13,127 min,11 Aug 2017,2017,"Biography, Drama","$17,238,739",7.2,"24,560"
The Nut Job 2: Nutty by Nature,36,PG,91 min,11 Aug 2017,2017,"Animation, Adventure, Comedy, Family, Fantasy","$28,342,490",5.4,"4,999"
Good Time,80,R,101 min,25 Aug 2017,2017,"Crime, Drama, Thriller","$1,999,047",7.3,"54,833"
Ingrid Goes West,71,R,98 min,25 Aug 2017,2017,"Comedy, Drama","$3,016,057",6.6,"28,086"
The Only Living Boy in New York,33,R,89 min,11 Aug 2017,2017,Drama,"$622,999",6.3,"9,147"
The Hitman's Bodyguard,47,R,118 min,18 Aug 2017,2017,"Action, Comedy, Thriller","$75,020,039",6.9,"165,357"
Logan Lucky,78,PG-13,118 min,18 Aug 2017,2017,"Comedy, Crime, Drama","$27,696,504",7.0,"108,848"
Patti Cake$,67,R,109 min,18 Aug 2017,2017,"Drama, Music","$794,817",6.7,"8,578"
All Saints,63,PG,108 min,25 Aug 2017,2017,Drama,"$5,750,509",6.0,"1,248"
Served Like a Girl,85,N/A,103 min,25 Aug 2017,2017,Documentary,"$8,237",7.8,53
Beach Rats,78,R,98 min,25 Jan 2018,2017,Drama,"$457,847",6.4,"9,903"
Tulip Fever,38,R,105 min,01 Sep 2017,2017,"Drama, History, Romance","$2,399,374",6.2,"15,666"
Unlocked,46,R,98 min,05 May 2017,2017,"Action, Drama, Mystery, Thriller",N/A,6.2,"24,634"
It,69,R,135 min,08 Sep 2017,2017,Horror,"$326,898,358",7.4,"376,032"
Home Again,41,PG-13,97 min,08 Sep 2017,2017,"Comedy, Drama, Romance","$26,353,346",5.8,"23,568"
The Good Catholic,46,PG-13,96 min,08 Sep 2017,2017,"Comedy, Drama",N/A,5.2,805
Gun Shy,42,R,101 min,09 Mar 2000,2000,"Comedy, Crime, Romance",N/A,5.7,"6,624"
American Assassin,45,R,112 min,15 Sep 2017,2017,"Action, Thriller","$34,449,582",6.2,"59,406"
Mother!,75,R,121 min,15 Sep 2017,2017,"Drama, Horror, Mystery","$17,297,289",6.6,"162,256"
Brad's Status,71,R,102 min,15 Sep 2017,2017,"Comedy, Drama, Music","$2,029,594",6.5,"13,807"
Kingsman: The Golden Circle,44,R,141 min,22 Sep 2017,2017,"Action, Adventure, Comedy","$99,733,121",6.8,"237,263"
The Lego Ninjago Movie,55,PG,101 min,22 Sep 2017,2017,"Animation, Action, Adventure, Comedy, Family","$58,938,889",6.0,"19,726"
Stronger,76,R,119 min,29 Sep 2017,2017,"Biography, Drama","$4,192,426",6.9,"34,661"
Battle of the Sexes,73,PG-13,121 min,29 Sep 2017,2017,"Biography, Comedy, Drama, Sport","$12,552,907",6.7,"44,355"
Woodshock,39,R,100 min,22 Sep 2017,2017,"Drama, Thriller","$41,126",4.3,"1,259"
Victoria & Abdul,58,PG-13,111 min,06 Oct 2017,2017,"Biography, Drama, History","$21,667,320",6.8,"26,346"
American Made,65,R,115 min,29 Sep 2017,2017,"Action, Biography, Comedy, Crime","$51,071,805",7.1,"136,204"
Flatliners,55,R,115 min,10 Aug 1990,1990,"Drama, Horror, Sci-Fi, Thriller",N/A,6.6,"75,618"
Mark Felt: The Man Who Brought Down the White House,49,PG-13,103 min,29 Sep 2017,2017,"Biography, Drama, History, Thriller",N/A,6.4,"9,809"
Title,N/A,N/A,N/A,N/A,1978,Short,N/A,3.3,13
Blade Runner 2049,81,R,164 min,06 Oct 2017,2017,"Action, Drama, Mystery, Sci-Fi, Thriller","$91,800,042",8.0,"388,084"
The Mountain Between Us,48,PG-13,112 min,06 Oct 2017,2017,"Drama, Romance","$29,669,726",6.4,"58,286"
My Little Pony: The Movie,39,PG,99 min,06 Oct 2017,2017,"Animation, Adventure, Comedy, Drama, Family, Fantasy, Musical, Sci-Fi, Thriller","$21,732,671",6.1,"5,256"
The Florida Project,92,R,111 min,10 Nov 2017,2017,Drama,"$5,412,775",7.6,"74,572"
Brawl in Cell Block 99,79,Not Rated,132 min,06 Oct 2017,2017,"Action, Crime, Drama",N/A,7.1,"47,946"
Happy Death Day,58,PG-13,96 min,13 Oct 2017,2017,"Horror, Mystery, Thriller","$55,398,005",6.5,"92,488"
Marshall,66,PG-13,118 min,13 Oct 2017,2017,"Biography, Crime, Drama, History",N/A,7.2,"15,156"
Breathe,51,PG-13,118 min,27 Oct 2017,2017,"Biography, Drama, Romance","$475,685",7.1,"15,742"
Goodbye Christopher Robin,54,PG,107 min,29 Sep 2017,2017,"Biography, Drama","$1,659,463",7.1,"21,151"
Professor Marston and the Wonder Women,68,R,108 min,13 Oct 2017,2017,"Biography, Drama","$1,583,641",7.1,"18,618"
Blood Money,42,R,100 min,13 Oct 2017,2017,"Crime, Drama, Thriller",N/A,4.4,"1,694"
Geostorm,21,PG-13,109 min,20 Oct 2017,2017,"Action, Sci-Fi, Thriller","$33,681,965",5.3,"80,932"
Only the Brave,72,PG-13,134 min,20 Oct 2017,2017,"Action, Biography, Drama","$18,255,680",7.7,"47,179"
Boo 2! A Madea Halloween,17,PG-13,101 min,20 Oct 2017,2017,"Comedy, Drama, Horror","$46,649,659",3.7,"3,506"
Same Kind of Different as Me,47,PG-13,119 min,20 Oct 2017,2017,"Biography, Drama","$6,410,279",6.5,"4,670"
Leatherface,40,R,90 min,14 Sep 2017,2017,"Crime, Horror, Thriller",N/A,5.0,"16,920"
Wonderstruck,71,PG,116 min,20 Oct 2017,2017,"Drama, Mystery","$976,561",6.2,"8,365"
The Killing of a Sacred Deer,73,R,121 min,03 Nov 2017,2017,"Drama, Mystery, Thriller","$1,955,883",7.0,"93,763"
Thank You for Your Service,68,R,109 min,27 Oct 2017,2017,"Biography, Drama, War","$9,437,885",6.5,"10,297"
Suburbicon,42,R,105 min,27 Oct 2017,2017,"Comedy, Crime, Drama, Mystery, Thriller",N/A,5.6,"32,485"
Jigsaw,39,R,92 min,27 Oct 2017,2017,"Horror, Mystery, Thriller","$36,462,005",5.8,"59,377"
Novitiate,73,R,123 min,20 Jan 2017,2017,Drama,"$570,409",6.7,"3,023"
All I See Is You,43,R,109 min,27 Oct 2017,2016,"Drama, Mystery, Romance",N/A,5.4,"8,700"
Amityville: The Awakening,42,PG-13,85 min,12 Oct 2017,2017,"Horror, Thriller",N/A,4.8,"11,247"
Thor: Ragnarok,74,PG-13,130 min,03 Nov 2017,2017,"Action, Adventure, Comedy, Fantasy, Sci-Fi","$314,971,245",7.9,"503,786"
A Bad Moms Christmas,42,R,104 min,01 Nov 2017,2017,Comedy,"$72,080,547",5.5,"34,080"
Last Flag Flying,65,R,125 min,03 Nov 2017,2017,"Comedy, Drama, War","$411,864",6.9,"19,505"
Lady Bird,94,R,94 min,01 Dec 2017,2017,"Comedy, Drama","$48,285,330",7.4,"183,698"
Murder on the Orient Express,52,PG-13,114 min,10 Nov 2017,2017,"Crime, Drama, Mystery","$101,555,644",6.5,"182,536"
Daddy's Home 2,30,PG-13,100 min,10 Nov 2017,2017,Comedy,"$102,934,995",6.0,"50,842"
LBJ,54,R,98 min,03 Nov 2017,2016,"Biography, Drama, History","$2,359,952",6.5,"4,569"
"Three Billboards Outside Ebbing, Missouri",88,R,115 min,01 Dec 2017,2017,"Crime, Drama","$52,000,189",8.2,"357,347"
Mayhem,62,Unrated,86 min,10 Nov 2017,2017,"Action, Comedy, Horror, Thriller",N/A,6.3,"12,472"
Justice League,45,PG-13,120 min,17 Nov 2017,2017,"Action, Adventure, Fantasy, Sci-Fi","$227,032,490",6.4,"339,190"
The Star,42,PG,86 min,17 Nov 2017,2017,"Animation, Adventure, Comedy, Family, Fantasy","$40,448,404",6.1,"5,298"
Wonder,66,PG,113 min,17 Nov 2017,2017,"Drama, Family","$132,090,170",8.0,"114,830"
Cook Off!,N/A,R,98 min,17 Nov 2017,2007,Comedy,N/A,4.0,702
Mr. Roosevelt,73,R,90 min,22 Nov 2017,2017,Comedy,N/A,6.2,"1,947"
"Roman J. Israel, Esq.",58,PG-13,122 min,22 Nov 2017,2017,"Crime, Drama, Thriller","$11,887,893",6.4,"24,447"
Coco,81,PG,105 min,22 Nov 2017,2017,"Animation, Adventure, Family, Fantasy, Music, Mystery","$208,487,719",8.4,"292,392"
Darkest Hour,75,PG-13,125 min,22 Dec 2017,2017,"Biography, Drama, History, War","$28,086,332",7.4,"140,536"
The Man Who Invented Christmas,60,PG,104 min,22 Nov 2017,2017,"Biography, Comedy, Drama","$5,652,908",7.0,"9,582"
Call Me by Your Name,93,R,132 min,19 Jan 2018,2017,"Drama, Romance",N/A,7.9,"160,291"
The Disaster Artist,76,R,104 min,08 Dec 2017,2017,"Biography, Comedy, Drama",N/A,7.4,"115,282"
The Shape of Water,87,R,123 min,22 Dec 2017,2017,"Adventure, Drama, Fantasy, Romance, Thriller","$57,393,976",7.3,"316,775"
Wonder Wheel,45,PG-13,101 min,15 Dec 2017,2017,Drama,N/A,6.2,"20,518"
"I, Tonya",77,R,120 min,19 Jan 2018,2017,"Biography, Comedy, Drama, Sport","$28,950,158",7.5,"147,538"
Just Getting Started,21,PG-13,91 min,08 Dec 2017,2017,"Action, Comedy",N/A,4.4,"5,084"
Star Wars: The Last Jedi,85,PG-13,152 min,15 Dec 2017,2017,"Action, Adventure, Fantasy, Sci-Fi","$619,117,636",7.1,"472,141"
Ferdinand,58,PG,108 min,15 Dec 2017,2017,"Animation, Adventure, Comedy, Family, Fantasy","$70,466,891",6.7,"41,519"
Beyond Skyline,46,R,106 min,15 Dec 2017,2017,"Action, Adventure, Horror, Sci-Fi, Thriller",N/A,5.3,"15,701"
Jumanji: Welcome to the Jungle,58,PG-13,119 min,20 Dec 2017,2017,"Action, Adventure, Comedy, Fantasy","$393,201,353",6.9,"250,823"
The Greatest Showman,48,PG,105 min,20 Dec 2017,2017,"Biography, Drama, Musical","$164,616,443",7.6,"204,834"
Pitch Perfect 3,40,PG-13,93 min,22 Dec 2017,2017,"Comedy, Music","$104,880,310",5.8,"46,752"
Downsizing,63,R,135 min,22 Dec 2017,2017,"Drama, Sci-Fi","$22,932,429",5.7,"78,764"
Father Figures,22,R,113 min,22 Dec 2017,2017,"Comedy, Drama, Sport","$16,772,934",5.5,"14,904"
The Post,83,PG-13,116 min,12 Jan 2018,2017,"Biography, Drama, History, Thriller","$80,369,969",7.2,"111,199"
Bright,29,TV-MA,117 min,22 Dec 2017,2017,"Action, Crime, Fantasy, Thriller",N/A,6.4,"151,558"
Crooked House,59,PG-13,115 min,21 Nov 2017,2017,"Crime, Drama, Mystery",N/A,6.3,"14,150"
Hostiles,65,R,134 min,26 Jan 2018,2017,"Adventure, Drama, Western","$29,472,340",7.2,"55,878"
All the Money in the World,72,R,132 min,25 Dec 2017,2017,"Biography, Crime, Drama, Mystery, Thriller","$20,153,135",6.8,"62,205"
Molly's Game,71,R,140 min,05 Jan 2018,2017,"Biography, Crime, Drama","$28,744,803",7.5,"108,499"
Phantom Thread,90,R,130 min,19 Jan 2018,2017,"Drama, Romance","$947,190",7.5,"88,548"
The Strange Ones,57,R,81 min,05 Jan 2018,2017,"Drama, Thriller",N/A,5.0,"2,002"
Stratton,26,R,95 min,05 Jan 2018,2017,"Action, Thriller",N/A,4.8,"3,930"
Sweet Country,87,R,113 min,06 Apr 2018,2017,"Adventure, Crime, Drama, History, Thriller, Western",N/A,6.9,"5,778"
The Commuter,56,PG-13,105 min,12 Jan 2018,2018,"Action, Mystery, Thriller","$36,241,300",6.3,"86,404"
Proud Mary,35,R,89 min,12 Jan 2018,2018,"Action, Crime, Drama, Thriller",N/A,4.9,"7,062"
Acts of Violence,28,R,86 min,12 Jan 2018,2018,"Action, Crime, Thriller",N/A,5.2,"8,354"
Freak Show,54,Unrated,91 min,12 Jan 2018,2017,"Comedy, Drama",N/A,6.3,"2,160"
Humor Me,53,N/A,93 min,12 Jan 2018,2017,Comedy,N/A,6.0,683
Vazante,68,N/A,116 min,12 Jan 2018,2017,"Adventure, Drama",N/A,6.2,408
Mary and the Witch's Flower,75,PG,103 min,08 Jul 2017,2017,"Animation, Adventure, Family, Fantasy",N/A,6.8,"9,153"
12 Strong,54,R,130 min,19 Jan 2018,2018,"Action, Drama, History, War",N/A,6.6,"53,096"
Den of Thieves,49,R,140 min,19 Jan 2018,2018,"Action, Crime, Drama, Mystery, Thriller","$44,680,327",7.0,"72,351"
Forever My Girl,36,PG,108 min,19 Jan 2018,2018,"Drama, Music, Romance","$16,174,498",6.7,"11,228"
Maze Runner: The Death Cure,50,PG-13,143 min,26 Jan 2018,2018,"Action, Sci-Fi, Thriller","$57,074,211",6.2,"94,210"
The Insult,72,R,113 min,25 Jun 2019,2017,"Crime, Drama, Thriller",N/A,7.7,"11,678"
Please Stand By,49,PG-13,93 min,26 Jan 2018,2017,"Comedy, Drama",N/A,6.7,"8,799"
Winchester,28,PG-13,99 min,02 Feb 2018,2018,"Biography, Drama, Fantasy, Horror, Mystery, Thriller","$24,553,838",5.4,"25,280"
A Fantastic Woman,86,R,104 min,02 Feb 2018,2017,Drama,"$806,746",7.2,"18,728"
Armed,N/A,R,118 min,14 Sep 2018,2018,"Action, Thriller",N/A,3.3,373
The Cloverfield Paradox,37,PG-13,102 min,04 Feb 2018,2018,"Drama, Horror, Mystery, Sci-Fi, Thriller",N/A,5.5,"85,084"
Peter Rabbit,51,PG,95 min,09 Feb 2018,2018,"Animation, Adventure, Comedy, Family, Fantasy","$84,060,376",6.5,"28,883"
Fifty Shades Freed,31,R,105 min,09 Feb 2018,2018,"Drama, Romance, Thriller","$95,599,460",4.5,"45,611"
The 15:17 to Paris,45,PG-13,94 min,09 Feb 2018,2018,"Biography, Drama, Thriller","$35,003,216",5.2,"23,086"
La Boda de Valentina,N/A,R,107 min,09 Feb 2018,2018,"Comedy, Romance","$2,675,608",4.7,512
Kri,N/A,N/A,138 min,09 Feb 2018,2018,"Action, Drama",N/A,N/A,N/A
Permission,62,N/A,96 min,09 Feb 2018,2017,"Comedy, Drama, Romance",N/A,5.3,"3,228"
Monster Family,N/A,PG,93 min,09 Feb 2018,2017,"Animation, Comedy, Family, Horror",N/A,4.8,"3,311"
Golden Exits,71,R,94 min,09 Feb 2018,2017,Drama,N/A,5.8,"1,580"
Black Panther,88,PG-13,134 min,16 Feb 2018,2018,"Action, Adventure, Sci-Fi","$501,105,037",7.3,"538,936"
Early Man,68,PG,89 min,16 Feb 2018,2018,"Animation, Adventure, Comedy, Family, Fantasy, Sport",N/A,6.1,"16,470"
Loveless,86,R,127 min,01 Jun 2017,2017,Drama,N/A,7.6,"24,303"
The Party,N/A,PG,99 min,03 Apr 1968,1968,Comedy,N/A,7.6,"35,143"
Nostalgia,N/A,Not Rated,125 min,01 Mar 1992,1983,Drama,"$5,233",8.1,"19,306"
Black '47,65,R,100 min,28 Sep 2018,2018,"Action, Drama",N/A,6.8,"7,501"
Samson,17,PG-13,110 min,16 Feb 2018,2018,"Action, Drama","$4,436,089",4.4,"3,620"
Game Night,66,R,100 min,23 Feb 2018,2018,"Action, Comedy, Crime, Mystery","$33,537,766",6.9,"169,358"
Annihilation,79,R,115 min,23 Feb 2018,2018,"Adventure, Drama, Horror, Mystery, Sci-Fi, Thriller","$20,636,742",6.9,"236,582"
Every Day,52,PG-13,97 min,23 Feb 2018,2018,"Drama, Fantasy, Romance","$5,260,834",6.4,"14,569"
The Cured,57,R,95 min,23 Feb 2018,2017,"Drama, Horror, Sci-Fi",N/A,5.5,"5,966"
The Lodgers,52,R,92 min,23 Feb 2018,2017,"Drama, Horror, Romance, Thriller",N/A,5.1,"6,823"
Red Sparrow,53,R,140 min,02 Mar 2018,2018,"Action, Drama, Thriller","$17,000,000",6.6,"141,460"
Death Wish,31,R,107 min,02 Mar 2018,2018,"Action, Crime, Drama, Thriller","$13,025,000",6.4,"52,863"
The Vanishing of Sidney Hall,18,R,119 min,02 Mar 2018,2017,"Drama, Mystery, Romance",N/A,6.9,"7,733"
Foxtrot,88,R,113 min,21 Sep 2017,2017,Drama,"$36,786",7.4,"5,144"
Pickings,N/A,R,103 min,03 Aug 2018,2018,"Action, Crime, Drama, Mystery, Thriller",N/A,5.6,735
A Wrinkle in Time,53,PG,109 min,09 Mar 2018,2018,"Adventure, Family, Fantasy, Sci-Fi",N/A,4.2,"36,331"
Gringo,46,R,111 min,09 Mar 2018,2018,"Action, Comedy, Crime, Drama",N/A,6.1,"22,191"
Thoroughbreds,75,R,92 min,09 Mar 2018,2017,"Comedy, Crime, Drama, Thriller",N/A,6.7,"26,507"
The Death of Stalin,88,R,107 min,09 Mar 2018,2017,"Comedy, Drama, History",N/A,7.2,"65,591"
The Leisure Seeker,45,R,112 min,03 Jan 2018,2017,"Adventure, Comedy, Drama, Romance",N/A,6.7,"5,736"
The Strangers: Prey at Night,48,R,85 min,09 Mar 2018,2018,Horror,N/A,5.2,"22,561"
The Hurricane Heist,35,PG-13,103 min,09 Mar 2018,2018,"Action, Adventure, Crime, Thriller",N/A,5.1,"16,075"
Tomb Raider,48,PG-13,119 min,16 Mar 2018,2018,"Action, Adventure, Fantasy, Thriller",N/A,6.3,"168,097"
"Love, Simon",72,PG-13,110 min,16 Mar 2018,2018,"Comedy, Drama, Romance",N/A,7.6,"84,724"
I Can Only Imagine,30,PG,110 min,16 Mar 2018,2018,"Biography, Drama, Family, Music",N/A,7.4,"11,817"
7 Days in Entebbe,49,PG-13,107 min,16 Mar 2018,2018,"Action, Drama, History, Thriller",N/A,5.8,"11,008"
Furlough,N/A,R,83 min,16 Mar 2018,2018,Comedy,N/A,5.8,"1,272"
Josie,31,N/A,100 min,16 Mar 2018,2018,"Drama, Thriller",N/A,5.5,"2,325"
Flower,45,R,90 min,16 Mar 2018,2017,"Comedy, Drama",N/A,6.0,"5,420"
Pacific Rim: Uprising,44,PG-13,111 min,23 Mar 2018,2018,"Action, Adventure, Sci-Fi",N/A,5.6,"92,176"
Isle of Dogs,82,PG-13,101 min,13 Apr 2018,2018,"Animation, Adventure, Comedy, Drama, Fantasy, Sci-Fi",N/A,7.9,"113,584"
Sherlock Gnomes,36,PG,86 min,23 Mar 2018,2018,"Animation, Adventure, Comedy, Family, Fantasy, Mystery, Romance",N/A,5.1,"8,458"
Unsane,63,R,98 min,23 Mar 2018,2018,"Drama, Horror, Mystery, Thriller",N/A,6.4,"33,456"
"Paul, Apostle of Christ",52,PG-13,108 min,23 Mar 2018,2018,"Adventure, Biography, Drama, History",N/A,6.6,"5,910"
Final Portrait,70,R,90 min,23 Mar 2018,2017,"Biography, Comedy, Drama",N/A,6.2,"4,080"
Midnight Sun,38,PG-13,91 min,23 Mar 2018,2018,"Drama, Romance",N/A,6.6,"17,525"
Followers,N/A,Not Rated,82 min,23 Mar 2018,2017,Thriller,N/A,3.8,185
Ready Player One,64,PG-13,140 min,29 Mar 2018,2018,"Action, Adventure, Sci-Fi",N/A,7.5,"313,252"
God's Not Dead: A Light in Darkness,33,PG,105 min,30 Mar 2018,2018,Drama,N/A,4.4,"2,802"
Gemini,71,R,93 min,30 Mar 2018,2017,"Crime, Drama, Mystery, Thriller",N/A,5.4,"3,738"
The Last Movie Star,46,R,94 min,30 Mar 2018,2017,Drama,N/A,6.9,"2,821"
Title,N/A,N/A,N/A,N/A,1978,Short,N/A,3.3,13
A Quiet Place,82,PG-13,90 min,06 Apr 2018,2018,"Drama, Horror, Sci-Fi",N/A,7.5,"319,499"
Blockers,69,R,102 min,06 Apr 2018,2018,Comedy,N/A,6.2,"59,631"
You Were Never Really Here,84,R,89 min,06 Apr 2018,2017,"Crime, Drama, Mystery, Thriller",N/A,6.8,"75,242"
Chappaquiddick,67,PG-13,106 min,06 Apr 2018,2017,"Drama, History, Thriller",N/A,6.5,"10,002"
Pandas,82,G,42 min,06 Apr 2018,2018,Documentary,N/A,7.4,312
Lean on Pete,80,R,121 min,06 Apr 2018,2017,"Adventure, Drama",N/A,7.2,"8,882"
The Miracle Season,44,PG,101 min,06 Apr 2018,2018,"Drama, Sport",N/A,6.5,"3,448"
Beirut,69,R,109 min,11 Apr 2018,2018,"Drama, Thriller",N/A,6.4,"15,679"
Rampage,45,PG-13,107 min,13 Apr 2018,2018,"Action, Adventure, Sci-Fi",N/A,6.1,"120,599"
Truth or Dare,35,PG-13,100 min,13 Apr 2018,2018,"Horror, Thriller",N/A,5.1,"35,405"
The Rider,92,R,104 min,13 Apr 2018,2017,"Drama, Western",N/A,7.4,"10,597"
Sgt. Stubby: An American Hero,58,PG,84 min,13 Apr 2018,2018,"Animation, Adventure, Family, History, War",N/A,6.9,"1,417"
I Feel Pretty,48,PG-13,110 min,20 Apr 2018,2018,"Comedy, Romance",N/A,5.5,"41,775"
Super Troopers 2,41,R,99 min,20 Apr 2018,2018,"Comedy, Crime, Mystery",N/A,6.1,"20,994"
Traffik,37,R,96 min,20 Apr 2018,2018,"Action, Crime, Drama, Thriller",N/A,6.0,"16,955"
The House of Tomorrow,58,Not Rated,85 min,20 Jun 2019,2017,"Comedy, Drama",N/A,6.2,"1,108"
Liz and the Blue Bird,67,N/A,90 min,21 Apr 2018,2018,"Animation, Drama, Fantasy, Music",N/A,7.2,470
Avengers: Infinity War,68,PG-13,149 min,27 Apr 2018,2018,"Action, Adventure, Sci-Fi","$664,987,816",8.5,"706,537"
Disobedience,74,R,114 min,27 Apr 2018,2017,"Drama, Romance",N/A,6.6,"19,563"
Backstabbing for Beginners,48,R,108 min,27 Apr 2018,2018,"Drama, History, Romance, Thriller",N/A,6.2,"3,474"
Overboard,53,PG,106 min,16 Dec 1987,1987,"Comedy, Romance",N/A,6.9,"48,378"
Tully,75,R,95 min,04 May 2018,2018,"Comedy, Drama, Mystery",N/A,7.0,"43,254"
Bad Samaritan,42,R,110 min,04 May 2018,2018,"Crime, Horror, Thriller",N/A,6.4,"14,388"
The Cleanse,58,R,81 min,04 May 2018,2016,"Comedy, Drama, Fantasy, Horror",N/A,5.4,"1,301"
The Guardians,81,R,138 min,04 May 2018,2017,"Drama, War",N/A,6.7,"1,370"
Life of the Party,46,PG-13,105 min,11 May 2018,2018,Comedy,N/A,5.6,"27,238"
Breaking In,42,PG-13,88 min,11 May 2018,2018,"Action, Crime, Drama, Thriller",N/A,5.4,"10,803"
The Seagull,58,PG-13,98 min,26 Jul 2018,2018,"Comedy, Drama, Romance",N/A,5.8,"2,218"
Terminal,27,Not Rated,95 min,11 May 2018,2018,"Crime, Drama, Thriller",N/A,5.3,"15,465"
Deadpool 2,66,R,119 min,18 May 2018,2018,"Action, Adventure, Comedy, Sci-Fi",N/A,7.7,"410,504"
Book Club,53,PG-13,104 min,18 May 2018,2018,"Comedy, Drama, Romance",N/A,6.1,"20,071"
First Reformed,85,R,113 min,18 May 2018,2017,"Drama, Mystery, Thriller",N/A,7.1,"36,364"
Pope Francis: A Man of His Word,63,PG,96 min,14 Jun 2018,2018,"Documentary, Biography",N/A,5.9,"1,475"
Show Dogs,31,PG,92 min,18 May 2018,2018,"Adventure, Comedy, Family",N/A,3.7,"3,542"
Solo: A Star Wars Story,62,PG-13,135 min,25 May 2018,2018,"Action, Adventure, Fantasy, Sci-Fi",N/A,6.9,"237,053"
How to Talk to Girls at Parties,50,R,102 min,25 May 2018,2017,"Comedy, Music, Romance, Sci-Fi",N/A,5.7,"7,808"
In Darkness,59,Not Rated,110 min,25 May 2018,2018,"Mystery, Thriller",N/A,5.8,"10,172"
The Misandrists,56,Not Rated,91 min,25 May 2018,2017,"Comedy, Drama",N/A,4.9,344
Future World,10,R,90 min,14 Jun 2018,2018,"Action, Adventure, Sci-Fi",N/A,3.2,"4,486"
Action Point,36,R,85 min,01 Jun 2018,2018,Comedy,N/A,5.1,"7,472"
Adrift,56,PG-13,96 min,01 Jun 2018,2018,"Action, Adventure, Biography, Drama, Romance, Thriller",N/A,6.6,"36,943"
Upgrade,67,R,100 min,01 Jun 2018,2018,"Action, Sci-Fi, Thriller",N/A,7.5,"113,161"
American Animals,68,R,116 min,14 Aug 2018,2018,"Biography, Crime, Drama, Thriller",N/A,7.0,"30,837"
Social Animals,37,R,90 min,30 Sep 2018,2018,Comedy,N/A,5.2,"1,144"
Won't You Be My Neighbor?,85,PG-13,94 min,29 Jun 2018,2018,"Documentary, Biography",N/A,8.4,"17,821"
Hereditary,87,R,127 min,08 Jun 2018,2018,"Drama, Horror, Mystery, Thriller",N/A,7.3,"167,889"
Hotel Artemis,58,R,94 min,08 Jun 2018,2018,"Action, Crime, Drama, Thriller",N/A,6.1,"33,979"
SuperFly,52,R,116 min,13 Jun 2018,2018,"Action, Crime, Thriller",N/A,5.1,"5,074"
Incredibles 2,80,PG,118 min,15 Jun 2018,2018,"Animation, Action, Adventure, Comedy, Family, Sci-Fi",N/A,7.7,"215,257"
Tag,56,R,100 min,15 Jun 2018,2018,Comedy,N/A,6.5,"91,430"
On Chesil Beach,62,R,110 min,18 May 2018,2017,"Drama, Music, Romance",N/A,6.3,"6,992"
Gotti,24,R,112 min,14 Jun 2018,2018,"Biography, Crime, Drama",N/A,4.8,"11,072"
Jurassic World: Fallen Kingdom,51,PG-13,128 min,22 Jun 2018,2018,"Action, Adventure, Sci-Fi",N/A,6.2,"229,305"
Boundaries,50,R,104 min,13 Sep 2018,2018,"Comedy, Drama",N/A,4.8,"1,689"
Damsel,63,R,113 min,22 Jun 2018,2018,"Adventure, Comedy, Crime, Drama, Romance, Western",N/A,5.6,"2,512"
The Domestics,N/A,R,95 min,29 Jun 2018,2018,"Action, Horror, Sci-Fi, Thriller",N/A,5.7,"6,907"
Sicario: Day of the Soldado,61,R,122 min,29 Jun 2018,2018,"Action, Crime, Drama, Thriller",N/A,7.1,"102,292"
Leave No Trace,88,PG,109 min,29 Jun 2018,2018,Drama,N/A,7.2,"36,890"
Uncle Drew,57,PG-13,103 min,29 Jun 2018,2018,"Comedy, Sport",N/A,5.7,"10,310"
Woman Walks Ahead,51,R,101 min,29 Jun 2018,2017,"Biography, Drama, History, Western",N/A,6.6,"4,149"
Title,N/A,N/A,N/A,N/A,1978,Short,N/A,3.3,13
The First Purge,54,R,98 min,04 Jul 2018,2018,"Action, Horror, Sci-Fi, Thriller",N/A,5.1,"44,132"
Ant-Man and the Wasp,70,PG-13,118 min,06 Jul 2018,2018,"Action, Adventure, Comedy, Sci-Fi",N/A,7.1,"260,837"
Sorry to Bother You,80,R,112 min,13 Jul 2018,2018,"Comedy, Fantasy, Sci-Fi",N/A,7.0,"44,324"
Hotel Transylvania 3: Summer Vacation,54,PG,97 min,13 Jul 2018,2018,"Animation, Adventure, Comedy, Family, Fantasy",N/A,6.3,"45,274"
Skyscraper,51,PG-13,102 min,13 Jul 2018,2018,"Action, Adventure, Thriller",N/A,5.8,"86,037"
Eighth Grade,89,R,93 min,03 Aug 2018,2018,"Comedy, Drama",N/A,7.4,"46,491"
"Don't Worry, He Won't Get Far on Foot",67,R,114 min,04 Apr 2018,2018,"Biography, Comedy, Drama",N/A,6.9,"15,766"
Shock and Awe,47,R,90 min,20 Jul 2018,2017,"Biography, Drama, History, Thriller",N/A,6.1,"3,866"
Mamma Mia! Here We Go Again,60,PG-13,114 min,20 Jul 2018,2018,"Comedy, Musical, Romance",N/A,6.7,"64,908"
The Equalizer 2,50,R,121 min,20 Jul 2018,2018,"Action, Crime, Thriller",N/A,6.7,"106,041"
Blindspotting,77,R,95 min,27 Jul 2018,2018,"Comedy, Crime, Drama",N/A,7.4,"19,205"
Unfriended: Dark Web,53,R,92 min,20 Jul 2018,2018,"Horror, Mystery, Thriller",N/A,5.9,"15,641"
Bleach,N/A,TV-14,108 min,20 Jul 2018,2018,"Action, Adventure, Fantasy",N/A,6.4,"8,816"
Teen Titans Go! To the Movies,69,PG,84 min,27 Jul 2018,2018,"Animation, Action, Comedy, Family, Musical, Sci-Fi",N/A,6.8,"13,372"
Detective Dee: The Four Heavenly Kings,58,TV-MA,132 min,27 Jul 2018,2018,"Action, Adventure, Drama, Fantasy",N/A,6.3,"1,731"
Hot Summer Nights,44,R,107 min,27 Jul 2018,2017,"Comedy, Crime, Drama, Romance",N/A,6.4,"8,484"
Puzzle,66,R,103 min,07 Sep 2018,2018,Drama,N/A,6.7,"4,093"
Christopher Robin,60,PG,104 min,03 Aug 2018,2018,"Adventure, Comedy, Drama, Family, Fantasy",N/A,7.3,"57,264"
The Darkest Minds,39,PG-13,104 min,03 Aug 2018,2018,"Action, Adventure, Drama, Romance, Sci-Fi, Thriller",N/A,5.7,"22,965"
The Spy Who Dumped Me,52,R,117 min,03 Aug 2018,2018,"Action, Adventure, Comedy",N/A,6.0,"53,987"
The Miseducation of Cameron Post,69,Not Rated,91 min,18 Jul 2018,2018,Drama,N/A,6.6,"14,570"
Never Goin' Back,62,R,85 min,03 Aug 2018,2018,"Comedy, Crime, Drama",N/A,6.0,"1,763"
Dog Days,66,R,121 min,09 Nov 2001,2001,Drama,N/A,7.1,"5,567"
The Meg,46,PG-13,113 min,10 Aug 2018,2018,"Action, Horror, Sci-Fi, Thriller",N/A,5.7,"122,105"
BlacKkKlansman,83,R,135 min,10 Aug 2018,2018,"Biography, Crime, Drama",N/A,7.5,"160,869"
Slender Man,30,PG-13,93 min,10 Aug 2018,2018,"Horror, Mystery, Thriller",N/A,3.2,"21,557"
A Prayer Before Dawn,76,R,116 min,10 Aug 2018,2017,"Biography, Crime, Drama, Sport, Thriller",N/A,6.9,"15,886"
Crazy Rich Asians,74,PG-13,120 min,15 Aug 2018,2018,"Comedy, Drama, Romance",N/A,6.9,"106,287"
Alpha,63,PG-13,96 min,17 Aug 2018,2018,"Adventure, Drama, Family",N/A,6.7,"44,739"
Mile 22,38,R,94 min,17 Aug 2018,2018,"Action, Adventure, Thriller",N/A,6.1,"52,414"
The Wife,77,R,99 min,28 Sep 2018,2017,Drama,N/A,7.2,"27,433"
Billionaire Boys Club,30,R,108 min,17 Jul 2018,2018,"Biography, Drama, Thriller",N/A,5.6,"8,200"
"Juliet, Naked",67,R,97 min,17 Aug 2018,2018,"Comedy, Drama, Music, Romance",N/A,6.6,"13,367"
Down a Dark Hall,56,PG-13,96 min,17 Aug 2018,2018,"Drama, Fantasy, Horror, Thriller",N/A,5.1,"9,553"
The Happytime Murders,27,R,91 min,24 Aug 2018,2018,"Action, Comedy, Crime, Mystery, Thriller",N/A,5.4,"19,443"
Searching,71,PG-13,102 min,31 Aug 2018,2018,"Drama, Mystery, Thriller",N/A,7.7,"108,766"
Papillon,58,R,151 min,19 Dec 1973,1973,"Biography, Crime, Drama",N/A,8.0,"114,108"
Axl Rose: The Prettiest Star,N/A,NOT RATED,63 min,15 Aug 2005,2005,"Documentary, Biography, Music",N/A,6.8,19
Operation Finale,58,PG-13,122 min,29 Aug 2018,2018,"Biography, Drama, History, Thriller, War",N/A,6.5,"22,595"
Kin,35,PG-13,102 min,31 Aug 2018,2018,"Action, Crime, Drama, Sci-Fi, Thriller",N/A,5.8,"10,369"
The Little Stranger,67,R,111 min,21 Sep 2018,2018,"Drama, Horror, Mystery",N/A,5.5,"5,817"
Destination Wedding,46,R,87 min,02 Aug 2018,2018,"Comedy, Drama, Romance",N/A,6.0,"17,880"
The Nun,46,R,96 min,07 Sep 2018,2018,"Horror, Mystery, Thriller",N/A,5.4,"98,744"
Peppermint,29,R,101 min,07 Sep 2018,2018,"Action, Drama, Thriller",N/A,6.5,"39,297"
The Predator,48,R,107 min,14 Sep 2018,2018,"Action, Adventure, Sci-Fi, Thriller",N/A,5.4,"101,630"
White Boy Rick,59,R,111 min,14 Sep 2018,2018,"Crime, Drama",N/A,6.4,"18,076"
A Simple Favor,67,R,117 min,14 Sep 2018,2018,"Comedy, Crime, Drama, Mystery, Thriller",N/A,6.8,"92,967"
The Children Act,62,R,105 min,14 Sep 2018,2017,Drama,N/A,6.7,"8,166"
Lizzie,59,R,105 min,14 Sep 2018,2018,"Biography, Crime, Drama, Mystery, Thriller",N/A,5.8,"4,602"
Unbroken: Path to Redemption,39,PG-13,98 min,14 Sep 2018,2018,"Biography, Drama",N/A,5.8,"1,613"
The House with a Clock in Its Walls,57,PG,105 min,21 Sep 2018,2018,"Comedy, Fantasy, Horror, Sci-Fi",N/A,6.0,"35,351"
Life Itself,87,R,121 min,04 Jul 2014,2014,"Documentary, Biography","$809,724",7.8,"14,182"
The Sisters Brothers,78,R,122 min,19 Oct 2018,2018,"Comedy, Crime, Drama, Western",N/A,7.0,"36,199"
Assassination Nation,56,R,108 min,21 Sep 2018,2018,"Action, Comedy, Crime, Drama, Horror, Thriller",N/A,5.9,"10,515"
Colette,74,R,111 min,20 Dec 2018,2018,"Biography, Drama, History",N/A,6.7,"13,761"
Fahrenheit 11/9,69,R,128 min,21 Sep 2018,2018,Documentary,N/A,6.8,"13,021"
My Son,54,PG-13,84 min,12 Apr 2019,2017,"Drama, Thriller",N/A,5.8,828
"Love, Gilda",74,Not Rated,88 min,21 Sep 2018,2018,Documentary,N/A,7.4,"1,075"
My Hero Academia: Two Heroes,N/A,PG-13,96 min,25 Sep 2018,2018,"Animation, Action, Adventure, Comedy, Fantasy, Sci-Fi",N/A,7.7,"3,716"
Smallfoot,60,PG,96 min,28 Sep 2018,2018,"Animation, Adventure, Comedy, Family, Fantasy, Musical",N/A,6.6,"25,842"
Night School,43,PG-13,111 min,28 Sep 2018,2018,Comedy,N/A,5.6,"26,267"
The Old Man & the Gun,80,PG-13,93 min,19 Oct 2018,2018,"Biography, Comedy, Crime, Drama, Romance",N/A,6.7,"30,740"
Hell Fest,26,R,89 min,28 Sep 2018,2018,Horror,N/A,5.5,"9,409"
Title,N/A,N/A,N/A,N/A,1978,Short,N/A,3.3,13
Power of the Air,N/A,N/A,N/A,N/A,2017,Drama,N/A,N/A,N/A
Venom,35,PG-13,112 min,05 Oct 2018,2018,"Action, Sci-Fi, Thriller",N/A,6.7,"297,642"
A Star Is Born,88,R,136 min,05 Oct 2018,2018,"Drama, Music, Romance",N/A,7.7,"271,609"
The Hate U Give,81,PG-13,133 min,19 Oct 2018,2018,"Crime, Drama",N/A,7.3,"21,155"
The Happy Prince,64,R,105 min,10 Oct 2018,2018,"Biography, Drama",N/A,6.3,"3,484"
First Man,84,PG-13,141 min,12 Oct 2018,2018,"Biography, Drama, History",N/A,7.3,"131,101"
Bad Times at the El Royale,60,R,141 min,12 Oct 2018,2018,"Crime, Drama, Mystery, Thriller",N/A,7.1,"100,043"
Goosebumps 2: Haunted Halloween,53,PG,90 min,12 Oct 2018,2018,"Adventure, Comedy, Family, Fantasy, Horror",N/A,5.6,"12,788"
Beautiful Boy,62,R,120 min,25 Oct 2018,2018,"Biography, Drama",N/A,7.3,"34,274"
The Oath,58,R,93 min,19 Oct 2018,2018,"Comedy, Thriller",N/A,5.3,"3,027"
Gosnell: The Trial of America's Biggest Serial Killer,N/A,PG-13,93 min,12 Oct 2018,2018,"Crime, Drama",N/A,6.8,"3,593"
Halloween,81,R,91 min,27 Oct 1978,1978,"Horror, Thriller",N/A,7.8,"208,429"
Can You Ever Forgive Me?,87,R,106 min,02 Nov 2018,2018,"Biography, Comedy, Crime, Drama",N/A,7.1,"33,776"
Mid90s,66,R,85 min,26 Oct 2018,2018,"Comedy, Drama",N/A,7.4,"29,457"
Wildlife,80,PG-13,105 min,01 Jan 2019,2018,Drama,N/A,6.9,"16,200"
What They Had,69,R,101 min,29 Nov 2018,2018,Drama,N/A,6.6,"2,346"
Hunter Killer,43,R,122 min,26 Oct 2018,2018,"Action, Thriller",N/A,6.6,"39,205"
Johnny English Strikes Again,39,PG,89 min,26 Oct 2018,2018,"Action, Adventure, Comedy",N/A,6.2,"50,283"
Suspiria,79,R,92 min,12 Aug 1977,1977,Horror,N/A,7.4,"69,970"
Indivisible,80,N/A,100 min,29 Sep 2016,2016,Drama,N/A,7.1,959
Bullitt County,50,N/A,98 min,26 Oct 2018,2018,"Action, Drama, Thriller",N/A,4.9,375
Bohemian Rhapsody,49,PG-13,134 min,02 Nov 2018,2018,"Biography, Drama, Music",N/A,8.0,"376,574"
The Nutcracker and the Four Realms,39,PG,99 min,02 Nov 2018,2018,"Adventure, Family, Fantasy",N/A,5.5,"21,348"
Nobody's Fool,86,R,110 min,13 Jan 1995,1994,"Comedy, Drama",N/A,7.4,"17,084"
Boy Erased,69,R,115 min,08 Nov 2018,2018,"Biography, Drama",N/A,7.0,"21,414"
A Private War,75,R,110 min,16 Nov 2018,2018,"Biography, Drama, War",N/A,6.7,"11,432"
Bodied,75,R,120 min,02 Nov 2018,2017,"Comedy, Drama, Music",N/A,7.2,"3,745"
The Front Runner,61,R,113 min,21 Nov 2018,2018,"Biography, Drama, History",N/A,6.2,"7,630"
The Grinch,51,PG,85 min,09 Nov 2018,2018,"Animation, Family, Fantasy",N/A,6.3,"32,491"
The Girl in the Spider's Web,43,R,115 min,09 Nov 2018,2018,"Action, Crime, Drama, Thriller",N/A,6.1,"31,682"
Overlord,60,R,110 min,09 Nov 2018,2018,"Action, Adventure, Horror, Mystery, Sci-Fi, War",N/A,6.7,"63,589"
Lazer Team 2,N/A,N/A,86 min,13 Nov 2017,2018,Sci-Fi,N/A,6.2,"2,324"
Conundrum: Secrets Among Friends,N/A,N/A,N/A,15 Nov 2018,2018,"Drama, Thriller",N/A,N/A,N/A
Fantastic Beasts: The Crimes of Grindelwald,52,PG-13,134 min,16 Nov 2018,2018,"Adventure, Family, Fantasy",N/A,6.6,"175,775"
Widows,84,R,129 min,16 Nov 2018,2018,"Crime, Drama, Thriller",N/A,6.9,"69,211"
Instant Family,57,PG-13,118 min,16 Nov 2018,2018,"Comedy, Drama",N/A,7.3,"54,107"
Ralph Breaks the Internet,71,PG,112 min,21 Nov 2018,2018,"Animation, Adventure, Comedy, Family, Fantasy",N/A,7.1,"99,217"
Creed II,66,PG-13,130 min,21 Nov 2018,2018,"Drama, Sport",N/A,7.2,"80,252"
Robin Hood,53,PG-13,140 min,14 May 2010,2010,"Action, Adventure, Drama, History, Romance","$105,219,735",6.6,"241,194"
Green Book,69,PG-13,130 min,16 Nov 2018,2018,"Biography, Comedy, Drama, Music",N/A,8.2,"241,930"
Roma,96,R,135 min,21 Nov 2018,2018,Drama,N/A,7.8,"111,965"
The Favourite,90,R,119 min,21 Dec 2018,2018,"Biography, Drama, History",N/A,7.6,"126,655"
Shoplifters,93,R,121 min,23 Nov 2018,2018,"Crime, Drama",N/A,8.0,"36,925"
Mowgli: Legend of the Jungle,51,PG-13,104 min,07 Dec 2018,2018,"Adventure, Drama, Fantasy",N/A,6.5,"47,849"
The Possession of Hannah Grace,37,R,86 min,30 Nov 2018,2018,"Horror, Mystery, Thriller",N/A,5.2,"13,526"
Anna and the Apocalypse,63,R,93 min,30 Nov 2018,2017,"Comedy, Fantasy, Horror, Musical",N/A,6.0,"4,956"
Capernaum,75,R,126 min,20 Sep 2018,2018,Drama,N/A,8.5,"24,916"
Mary Queen of Scots,60,R,124 min,21 Dec 2018,2018,"Biography, Drama, History",N/A,6.3,"26,433"
Ben Is Back,66,R,103 min,05 Dec 2018,2018,Drama,N/A,6.7,"12,721"
Spider-Man: Into the Spider-Verse,87,PG,117 min,14 Dec 2018,2018,"Animation, Action, Adventure, Family, Sci-Fi",N/A,8.4,"257,039"
Mortal Engines,44,PG-13,128 min,14 Dec 2018,2018,"Action, Adventure, Fantasy, Sci-Fi, Thriller",N/A,6.1,"78,270"
The Mule,58,R,116 min,14 Dec 2018,2018,"Crime, Drama, Thriller",N/A,7.0,"70,917"
If Beale Street Could Talk,87,R,119 min,25 Dec 2018,2018,"Drama, Romance",N/A,7.2,"28,831"
Mary Poppins Returns,66,PG,130 min,19 Dec 2018,2018,"Comedy, Family, Fantasy, Musical",N/A,6.8,"59,865"
Aquaman,55,PG-13,143 min,21 Dec 2018,2018,"Action, Adventure, Fantasy, Sci-Fi",N/A,7.0,"289,234"
Bumblebee,66,PG-13,114 min,21 Dec 2018,2018,"Action, Adventure, Sci-Fi",N/A,6.8,"103,523"
Welcome to Marwen,40,PG-13,116 min,21 Dec 2018,2018,"Biography, Comedy, Drama, Fantasy, Romance",N/A,6.1,"11,465"
Second Act,46,PG-13,103 min,21 Dec 2018,2018,"Comedy, Drama, Romance",N/A,5.8,"15,192"
Cold War,90,R,89 min,22 Mar 2019,2018,"Drama, History, Music, Romance",N/A,7.6,"36,053"
Holmes & Watson,24,PG-13,90 min,25 Dec 2018,2018,"Comedy, Crime, Mystery",N/A,3.8,"20,628"
Vice,61,R,132 min,25 Dec 2018,2018,"Biography, Comedy, Drama",N/A,7.2,"83,828"
On the Basis of Sex,59,PG-13,120 min,11 Jan 2019,2018,"Biography, Drama",N/A,6.9,"14,700"
Destroyer,62,R,121 min,27 Dec 2018,2018,"Action, Crime, Drama, Mystery, Thriller",N/A,6.2,"17,133"
Black Mirror: Bandersnatch,N/A,TV-MA,90 min,28 Dec 2018,2018,"Drama, Mystery, Sci-Fi, Thriller",N/A,7.2,"96,634"
